Periodo,Ano,Mes,Receitas_Ativas,Receitas_Passivas,Total_Receitas,Despesas_Operacionais,Despesas_Patrimoniais,Total_Despesas,Financiamento1_Studio,Financiamento2_Moradia,Financiamento3_Orlando,Venda_Ativos,Desembolso_Objetivos,Portfolio_Inicial,Rendimento_Portfolio,Saving,Portfolio_Final
2025/01,2025,1,0.00,0.00,0.00,0.00,5350.00,0.00,4643.95,18941.57,0.00,0.00,0.00,3645163.18,0.00,-1985.52,3655110.97
2025/02,2025,2,0.00,0.00,0.00,0.00,6650.00,0.00,4643.95,18879.55,0.00,0.00,0.00,3655110.97,0.00,-3223.50,3663853.35
2025/03,2025,3,0.00,0.00,0.00,0.00,5350.00,0.00,4643.95,18817.53,0.00,0.00,0.00,3663853.35,0.00,-1861.48,3673986.37
2025/04,2025,4,0.00,0.00,0.00,0.00,5350.00,0.00,4643.95,18755.51,0.00,0.00,0.00,3673986.37,0.00,28200.54,3714214.59
2025/05,2025,5,0.00,0.00,0.00,0.00,5350.00,0.00,4643.95,18693.49,0.00,0.00,0.00,3714214.59,0.00,-1737.44,3724636.52
2025/06,2025,6,0.00,0.00,0.00,0.00,5350.00,0.00,4643.95,18631.47,0.00,0.00,0.00,3724636.52,0.00,-1675.42,3735154.59
2025/07,2025,7,0.00,0.00,0.00,0.00,5350.00,0.00,4643.95,18569.45,0.00,0.00,0.00,3735154.59,0.00,-57490.40,3689892.12
2025/08,2025,8,0.00,0.00,0.00,0.00,5350.00,0.00,4643.95,18507.43,0.00,0.00,0.00,3689892.12,0.00,-1551.38,3700420.49
2025/09,2025,9,0.00,0.00,0.00,0.00,5350.00,0.00,4643.95,18445.41,0.00,0.00,0.00,3700420.49,0.00,-1489.35,3711045.35
2025/10,2025,10,0.00,0.00,0.00,0.00,5350.00,0.00,4643.95,18383.38,0.00,0.00,0.00,3711045.35,0.00,-1427.33,3721767.01
2025/11,2025,11,0.00,0.00,0.00,0.00,5350.00,0.00,4643.95,18321.36,0.00,0.00,0.00,3721767.01,0.00,65301.02,3799252.13
2025/12,2025,12,0.00,0.00,0.00,0.00,5350.00,0.00,4643.95,18259.34,0.00,0.00,0.00,3799252.13,0.00,-57180.29,3754509.60
2026/01,2026,1,0.00,0.00,0.00,0.00,10775.86,0.00,4643.95,18197.32,9334.75,0.00,0.00,3754509.60,0.00,-5826.47,3760974.41
2026/02,2026,2,0.00,0.00,0.00,0.00,12634.63,0.00,4643.95,18135.30,9334.75,0.00,0.00,3760974.41,0.00,-7623.22,3765663.64
2026/03,2026,3,0.00,0.00,0.00,0.00,10775.86,0.00,4643.95,18073.28,9334.75,0.00,0.00,3765663.64,0.00,-5702.43,3772289.02
2026/04,2026,4,0.00,0.00,0.00,0.00,10775.86,0.00,4643.95,18011.26,9334.75,0.00,0.00,3772289.02,0.00,24359.59,3808998.10
2026/05,2026,5,0.00,0.00,0.00,0.00,10775.86,0.00,4643.95,17949.24,9334.75,0.00,0.00,3808998.10,0.00,-5578.39,3815889.38
2026/06,2026,6,0.00,0.00,0.00,0.00,10775.86,0.00,4643.95,17887.22,9334.75,0.00,0.00,3815889.38,0.00,-5516.37,3822865.25
2026/07,2026,7,0.00,0.00,0.00,0.00,10775.86,0.00,4643.95,17825.19,9334.75,0.00,0.00,3822865.25,0.00,-61331.34,3774048.97
2026/08,2026,8,0.00,0.00,0.00,0.00,10775.86,0.00,4643.95,17763.17,9334.75,0.00,0.00,3774048.97,0.00,-5392.32,3781011.90
2026/09,2026,9,0.00,0.00,0.00,0.00,10775.86,0.00,4643.95,17701.15,9334.75,0.00,0.00,3781011.90,0.00,-5330.30,3788059.65
2026/10,2026,10,0.00,0.00,0.00,0.00,10775.86,0.00,4643.95,17639.13,9334.75,0.00,0.00,3788059.65,0.00,-5268.28,3795192.49
2026/11,2026,11,0.00,0.00,0.00,0.00,10775.86,0.00,4643.95,17577.11,9334.75,0.00,0.00,3795192.49,0.00,61460.07,3869077.03
2026/12,2026,12,0.00,0.00,0.00,0.00,10775.86,0.00,4643.95,17515.09,9334.75,0.00,0.00,3869077.03,0.00,-61021.24,3820722.14
2027/01,2027,1,0.00,0.00,0.00,0.00,10775.86,0.00,4643.95,17453.07,9334.75,0.00,0.00,3820722.14,0.00,-6082.22,3827147.97
2027/02,2027,2,0.00,0.00,0.00,0.00,12634.63,0.00,4643.95,17391.05,9334.75,0.00,0.00,3827147.97,0.00,-7878.97,3831798.09
2027/03,2027,3,0.00,0.00,0.00,0.00,10775.86,0.00,4643.95,17329.03,9334.75,0.00,0.00,3831798.09,0.00,-5958.18,3838384.23
2027/04,2027,4,0.00,0.00,0.00,0.00,10775.86,0.00,4643.95,17267.00,9334.75,0.00,0.00,3838384.23,0.00,24103.85,3875053.94
2027/05,2027,5,0.00,0.00,0.00,0.00,10775.86,0.00,4643.95,17204.98,9334.75,0.00,0.00,3875053.94,0.00,-5834.13,3881905.73
2027/06,2027,6,0.00,0.00,0.00,0.00,10775.86,0.00,4643.95,17142.96,9334.75,0.00,0.00,3881905.73,0.00,-5772.11,3888841.96
2027/07,2027,7,0.00,0.00,0.00,0.00,10775.86,0.00,4643.95,17080.94,9334.75,0.00,0.00,3888841.96,0.00,-61587.09,3839985.93
2027/08,2027,8,0.00,0.00,0.00,0.00,10775.86,0.00,4643.95,17018.92,9334.75,0.00,0.00,3839985.93,0.00,-5648.07,3846908.97
2027/09,2027,9,0.00,0.00,0.00,0.00,10775.86,0.00,4643.95,16956.90,9334.75,0.00,0.00,3846908.97,0.00,-5586.05,3853916.70
2027/10,2027,10,0.00,0.00,0.00,0.00,10775.86,0.00,4643.95,16894.88,9334.75,0.00,0.00,3853916.70,0.00,-5524.03,3861009.39
2027/11,2027,11,0.00,0.00,0.00,0.00,10775.86,0.00,4643.95,16832.86,9334.75,0.00,0.00,3861009.39,0.00,61204.32,3934853.66
2027/12,2027,12,0.00,0.00,0.00,0.00,10775.86,0.00,4643.95,16770.84,9334.75,0.00,0.00,3934853.66,0.00,-61276.99,3886458.36
2028/01,2028,1,0.00,0.00,0.00,0.00,2688.15,0.00,4643.95,16708.82,9334.75,0.00,0.00,3886458.36,0.00,1749.73,3900931.34
2028/02,2028,2,0.00,0.00,0.00,0.00,4546.92,0.00,4643.95,16646.79,9334.75,0.00,0.00,3900931.34,0.00,-47.01,3913654.96
2028/03,2028,3,0.00,0.00,0.00,0.00,2688.15,0.00,4643.95,16584.77,9334.75,0.00,0.00,3913654.96,0.00,1873.78,3928341.03
2028/04,2028,4,0.00,0.00,0.00,0.00,2688.15,0.00,4643.95,16522.75,9334.75,0.00,0.00,3928341.03,0.00,31935.80,3973137.19
2028/05,2028,5,0.00,0.00,0.00,0.00,2688.15,0.00,4643.95,16460.73,9334.75,0.00,150000.00,3973137.19,0.00,-148002.18,3838142.03
2028/06,2028,6,0.00,0.00,0.00,0.00,2688.15,0.00,4643.95,16398.71,9334.75,0.00,0.00,3838142.03,0.00,2059.84,3852766.95
2028/07,2028,7,0.00,0.00,0.00,0.00,2688.15,0.00,4643.95,16336.69,9334.75,0.00,0.00,3852766.95,0.00,-53755.14,3811624.77
2028/08,2028,8,0.00,0.00,0.00,0.00,2688.15,0.00,4643.95,16274.67,9334.75,0.00,0.00,3811624.77,0.00,2183.88,3826286.92
2028/09,2028,9,0.00,0.00,0.00,0.00,2688.15,0.00,4643.95,16212.65,9334.75,0.00,0.00,3826286.92,0.00,2245.90,3841059.09
2028/10,2028,10,0.00,0.00,0.00,0.00,2688.15,0.00,4643.95,16150.63,9334.75,0.00,0.00,3841059.09,0.00,2307.92,3855941.64
2028/11,2028,11,0.00,0.00,0.00,0.00,2688.15,0.00,4643.95,16088.60,9334.75,0.00,0.00,3855941.64,0.00,69036.28,3937601.27
2028/12,2028,12,0.00,0.00,0.00,0.00,2688.15,0.00,4643.95,16026.58,9334.75,0.00,0.00,3937601.27,0.00,-53445.03,3897046.92
2029/01,2029,1,0.00,0.00,0.00,0.00,2688.15,0.00,4643.95,15964.56,9334.75,0.00,0.00,3897046.92,0.00,2493.99,3912298.82
2029/02,2029,2,0.00,0.00,0.00,0.00,4546.92,0.00,4643.95,15902.54,9334.75,0.00,0.00,3912298.82,0.00,697.24,3925803.91
2029/03,2029,3,0.00,0.00,0.00,0.00,2688.15,0.00,4643.95,15840.52,9334.75,0.00,0.00,3925803.91,0.00,2618.03,3941274.00
2029/04,2029,4,0.00,0.00,0.00,0.00,2688.15,0.00,4643.95,15778.50,9334.75,0.00,0.00,3941274.00,0.00,32680.05,3986856.76
2029/05,2029,5,0.00,0.00,0.00,0.00,2688.15,0.00,4643.95,15716.48,9334.75,0.00,0.00,3986856.76,0.00,2742.07,4002650.76
2029/06,2029,6,0.00,0.00,0.00,0.00,2688.15,0.00,4643.95,15654.46,9334.75,0.00,0.00,4002650.76,0.00,2804.09,4018558.49
2029/07,2029,7,0.00,0.00,0.00,0.00,2688.15,0.00,4643.95,15592.44,9334.75,0.00,0.00,4018558.49,0.00,-53010.89,3978703.32
2029/08,2029,8,0.00,0.00,0.00,0.00,2688.15,0.00,4643.95,15530.41,9334.75,0.00,0.00,3978703.32,0.00,2928.14,3994656.69
2029/09,2029,9,0.00,0.00,0.00,0.00,2688.15,0.00,4643.95,15468.39,9334.75,0.00,0.00,3994656.69,0.00,2990.16,4010724.32
2029/10,2029,10,0.00,0.00,0.00,0.00,2688.15,0.00,4643.95,15406.37,9334.75,0.00,0.00,4010724.32,0.00,3052.18,4026906.56
2029/11,2029,11,0.00,0.00,0.00,0.00,2688.15,0.00,4643.95,15344.35,9334.75,0.00,0.00,4026906.56,0.00,69780.53,4109870.14
2029/12,2029,12,0.00,0.00,0.00,0.00,2688.15,0.00,4643.95,15282.33,9334.75,0.00,0.00,4109870.14,0.00,-52700.78,4070624.00
2030/01,2030,1,0.00,0.00,0.00,0.00,2688.15,0.00,4643.95,15220.31,9334.75,0.00,0.00,4070624.00,0.00,-2937.16,4081013.01
2030/02,2030,2,0.00,0.00,0.00,0.00,4546.92,0.00,4643.95,15158.29,9334.75,0.00,0.00,4081013.01,0.00,-4733.91,4089639.27
2030/03,2030,3,0.00,0.00,0.00,0.00,2688.15,0.00,4643.95,15096.27,9334.75,0.00,0.00,4089639.27,0.00,-2813.12,4100214.57
2030/04,2030,4,0.00,0.00,0.00,0.00,2688.15,0.00,4643.95,15034.25,9334.75,0.00,0.00,4100214.57,0.00,27248.90,4140886.51
2030/05,2030,5,0.00,0.00,0.00,0.00,2688.15,0.00,4643.95,14972.22,9334.75,0.00,0.00,4140886.51,0.00,-2689.07,4151753.62
2030/06,2030,6,0.00,0.00,0.00,0.00,2688.15,0.00,4643.95,14910.20,9334.75,0.00,0.00,4151753.62,0.00,-2627.05,4162718.33
2030/07,2030,7,0.00,0.00,0.00,0.00,2688.15,0.00,4643.95,14848.18,9334.75,0.00,0.00,4162718.33,0.00,-58442.03,4117903.95
2030/08,2030,8,0.00,0.00,0.00,0.00,2688.15,0.00,4643.95,14786.16,9334.75,0.00,0.00,4117903.95,0.00,-2503.01,4128881.89
2030/09,2030,9,0.00,0.00,0.00,0.00,2688.15,0.00,4643.95,14724.14,9334.75,0.00,0.00,4128881.89,0.00,-2440.99,4139957.78
2030/10,2030,10,0.00,0.00,0.00,0.00,2688.15,0.00,4643.95,14662.12,9334.75,0.00,0.00,4139957.78,0.00,-2378.97,4151131.96
2030/11,2030,11,0.00,0.00,0.00,0.00,2688.15,0.00,4643.95,14600.10,9334.75,0.00,0.00,4151131.96,0.00,64349.38,4229071.07
2030/12,2030,12,0.00,0.00,0.00,0.00,2688.15,0.00,4643.95,14538.08,9334.75,0.00,0.00,4229071.07,0.00,-58131.93,4184784.02
2031/01,2031,1,0.00,0.00,0.00,0.00,2688.15,0.00,4643.95,14476.06,9334.75,0.00,0.00,4184784.02,0.00,-3192.91,4195291.01
2031/02,2031,2,0.00,0.00,0.00,0.00,4546.92,0.00,4643.95,14414.03,9334.75,0.00,0.00,4195291.01,0.00,-4989.65,4204035.64
2031/03,2031,3,0.00,0.00,0.00,0.00,2688.15,0.00,4643.95,14352.01,9334.75,0.00,0.00,4204035.64,0.00,-3068.86,4214729.70
2031/04,2031,4,0.00,0.00,0.00,0.00,2688.15,0.00,4643.95,14289.99,9334.75,0.00,0.00,4214729.70,0.00,26993.16,4255520.78
2031/05,2031,5,0.00,0.00,0.00,0.00,2688.15,0.00,4643.95,14227.97,9334.75,0.00,0.00,4255520.78,0.00,-2944.82,4266507.43
2031/06,2031,6,0.00,0.00,0.00,0.00,2688.15,0.00,4643.95,14165.95,9334.75,0.00,0.00,4266507.43,0.00,-2882.80,4277592.06
2031/07,2031,7,0.00,0.00,0.00,0.00,2688.15,0.00,4643.95,14103.93,9334.75,0.00,0.00,4277592.06,0.00,-58697.78,4232898.01
2031/08,2031,8,0.00,0.00,0.00,0.00,2688.15,0.00,4643.95,14041.91,9334.75,0.00,0.00,4232898.01,0.00,-2758.76,4243996.66
2031/09,2031,9,0.00,0.00,0.00,0.00,2688.15,0.00,4643.95,13979.89,9334.75,0.00,0.00,4243996.66,0.00,-2696.74,4255193.66
2031/10,2031,10,0.00,0.00,0.00,0.00,2688.15,0.00,4643.95,13917.87,9334.75,0.00,0.00,4255193.66,0.00,-2634.72,4266489.34
2031/11,2031,11,0.00,0.00,0.00,0.00,2688.15,0.00,4643.95,13855.84,9334.75,0.00,0.00,4266489.34,0.00,64093.64,4344550.35
2031/12,2031,12,0.00,0.00,0.00,0.00,2688.15,0.00,4643.95,13793.82,9334.75,0.00,0.00,4344550.35,0.00,-58387.67,4300385.61
2032/01,2032,1,0.00,0.00,0.00,0.00,2688.15,0.00,4643.95,13731.80,9334.75,0.00,0.00,4300385.61,0.00,2726.75,4317190.70
2032/02,2032,2,0.00,0.00,0.00,0.00,4546.92,0.00,4643.95,13669.78,9334.75,0.00,0.00,4317190.70,0.00,930.00,4332254.05
2032/03,2032,3,0.00,0.00,0.00,0.00,2688.15,0.00,4643.95,13607.76,9334.75,0.00,0.00,4332254.05,0.00,2850.79,4349287.52
2032/04,2032,4,0.00,0.00,0.00,0.00,2688.15,0.00,4643.95,13545.74,9334.75,0.00,0.00,4349287.52,0.00,32912.81,4396438.76
2032/05,2032,5,0.00,0.00,0.00,0.00,2688.15,0.00,4643.95,13483.72,9334.75,0.00,0.00,4396438.76,0.00,2974.83,4413806.39
2032/06,2032,6,0.00,0.00,0.00,0.00,2688.15,0.00,4643.95,13421.70,9334.75,0.00,0.00,4413806.39,0.00,3036.85,4431292.90
2032/07,2032,7,0.00,0.00,0.00,0.00,2688.15,0.00,4643.95,13359.68,9334.75,0.00,0.00,4431292.90,0.00,-52778.13,4393021.67
2032/08,2032,8,0.00,0.00,0.00,0.00,2688.15,0.00,4643.95,13297.65,9334.75,0.00,0.00,4393021.67,0.00,3160.89,4410564.18
2032/09,2032,9,0.00,0.00,0.00,0.00,2688.15,0.00,4643.95,13235.63,9334.75,0.00,0.00,4410564.18,0.00,3222.92,4428226.13
2032/10,2032,10,0.00,0.00,0.00,0.00,2688.15,0.00,4643.95,13173.61,9334.75,0.00,0.00,4428226.13,0.00,3284.94,4446007.93
2032/11,2032,11,0.00,0.00,0.00,0.00,2688.15,0.00,4643.95,13111.59,9334.75,0.00,0.00,4446007.93,0.00,70013.29,4530576.29
2032/12,2032,12,0.00,0.00,0.00,0.00,2688.15,0.00,4643.95,13049.57,9334.75,0.00,0.00,4530576.29,0.00,-52468.02,4492940.20
2033/01,2033,1,0.00,0.00,0.00,0.00,2688.15,0.00,4643.95,12987.55,9334.75,0.00,0.00,4492940.20,0.00,3471.00,4511119.91
2033/02,2033,2,0.00,0.00,0.00,0.00,4546.92,0.00,4643.95,12925.53,9334.75,0.00,0.00,4511119.91,0.00,1674.25,4527562.40
2033/03,2033,3,0.00,0.00,0.00,0.00,2688.15,0.00,4643.95,12863.51,9334.75,0.00,0.00,4527562.40,0.00,3595.04,4545979.50
2033/04,2033,4,0.00,0.00,0.00,0.00,2688.15,0.00,4643.95,12801.49,9334.75,0.00,0.00,4545979.50,0.00,33657.06,4594518.92
2033/05,2033,5,0.00,0.00,0.00,0.00,2688.15,0.00,4643.95,12739.47,9334.75,0.00,0.00,4594518.92,0.00,3719.08,4613279.26
2033/06,2033,6,0.00,0.00,0.00,0.00,2688.15,0.00,4643.95,12677.44,9334.75,0.00,0.00,4613279.26,0.00,3781.11,4632163.05
2033/07,2033,7,0.00,0.00,0.00,0.00,2688.15,0.00,4643.95,12615.42,9334.75,0.00,0.00,4632163.05,0.00,-52033.87,4595293.67
2033/08,2033,8,0.00,0.00,0.00,0.00,2688.15,0.00,4643.95,12553.40,9334.75,0.00,0.00,4595293.67,0.00,3905.15,4614242.61
2033/09,2033,9,0.00,0.00,0.00,0.00,2688.15,0.00,4643.95,12491.38,9334.75,0.00,0.00,4614242.61,0.00,3967.17,4633315.61
2033/10,2033,10,0.00,0.00,0.00,0.00,2688.15,0.00,4643.95,12429.36,9334.75,0.00,0.00,4633315.61,0.00,4029.19,4652513.07
2033/11,2033,11,0.00,0.00,0.00,0.00,2688.15,0.00,4643.95,12367.34,9334.75,0.00,0.00,4652513.07,0.00,70757.54,4738501.73
2033/12,2033,12,0.00,0.00,0.00,0.00,2688.15,0.00,4643.95,12305.32,9334.75,0.00,0.00,4738501.73,0.00,-51723.77,4702290.58
2034/01,2034,1,0.00,0.00,0.00,0.00,2688.15,0.00,4643.95,12243.30,9334.75,0.00,0.00,4702290.58,0.00,4215.25,4721899.91
2034/02,2034,2,0.00,0.00,0.00,0.00,4546.92,0.00,4643.95,12181.28,9334.75,0.00,0.00,4721899.91,0.00,2418.50,4739776.69
2034/03,2034,3,0.00,0.00,0.00,0.00,2688.15,0.00,4643.95,12119.25,9334.75,0.00,0.00,4739776.69,0.00,4339.30,4759632.78
2034/04,2034,4,0.00,0.00,0.00,0.00,2688.15,0.00,4643.95,12057.23,9334.75,0.00,0.00,4759632.78,0.00,34401.32,4809615.90
2034/05,2034,5,0.00,0.00,0.00,0.00,2688.15,0.00,4643.95,11995.21,9334.75,0.00,0.00,4809615.90,0.00,4463.34,4829824.67
2034/06,2034,6,0.00,0.00,0.00,0.00,2688.15,0.00,4643.95,11933.19,9334.75,0.00,0.00,4829824.67,0.00,4525.36,4850161.61
2034/07,2034,7,0.00,0.00,0.00,0.00,2688.15,0.00,4643.95,11871.17,9334.75,0.00,0.00,4850161.61,0.00,-51289.62,4814750.16
2034/08,2034,8,0.00,0.00,0.00,0.00,2688.15,0.00,4643.95,11809.15,9334.75,0.00,0.00,4814750.16,0.00,4649.40,4835161.80
2034/09,2034,9,0.00,0.00,0.00,0.00,2688.15,0.00,4643.95,11747.13,9334.75,0.00,0.00,4835161.80,0.00,4711.42,4855702.29
2034/10,2034,10,0.00,0.00,0.00,0.00,2688.15,0.00,4643.95,11685.11,9334.75,0.00,0.00,4855702.29,0.00,4773.44,4876372.03
2034/11,2034,11,0.00,0.00,0.00,0.00,2688.15,0.00,4643.95,11623.09,9334.75,0.00,0.00,4876372.03,0.00,71501.79,4963837.80
2034/12,2034,12,0.00,0.00,0.00,0.00,2688.15,0.00,4643.95,11561.06,9334.75,0.00,0.00,4963837.80,0.00,-50979.51,4929108.60
2035/01,2035,1,0.00,0.00,0.00,0.00,2688.15,0.00,4643.95,11499.04,9334.75,831113.04,0.00,4929108.60,0.00,835072.55,5780317.77
2035/02,2035,2,0.00,0.00,0.00,0.00,3150.00,0.00,4643.95,11437.02,0.00,0.00,0.00,5780317.77,0.00,1719.03,5800960.05
2035/03,2035,3,0.00,0.00,0.00,0.00,1850.00,0.00,4643.95,11375.00,0.00,0.00,0.00,5800960.05,0.00,3081.05,5823031.93
2035/04,2035,4,0.00,0.00,0.00,0.00,1850.00,0.00,4643.95,11312.98,0.00,0.00,0.00,5823031.93,0.00,33143.07,5875238.10
2035/05,2035,5,0.00,0.00,0.00,0.00,1850.00,0.00,4643.95,11250.96,0.00,0.00,0.00,5875238.10,0.00,3205.09,5897677.19
2035/06,2035,6,0.00,0.00,0.00,0.00,1850.00,0.00,4643.95,11188.94,0.00,0.00,0.00,5897677.19,0.00,3267.11,5920251.76
2035/07,2035,7,0.00,0.00,0.00,0.00,1850.00,0.00,4643.95,11126.92,0.00,0.00,0.00,5920251.76,0.00,-52547.87,5887085.26
2035/08,2035,8,0.00,0.00,0.00,0.00,1850.00,0.00,4643.95,11064.90,0.00,0.00,0.00,5887085.26,0.00,3391.15,5909749.20
2035/09,2035,9,0.00,0.00,0.00,0.00,1850.00,0.00,4643.95,11002.87,0.00,0.00,0.00,5909749.20,0.00,3453.18,5932549.36
2035/10,2035,10,0.00,0.00,0.00,0.00,1850.00,0.00,4643.95,10940.85,0.00,0.00,0.00,5932549.36,0.00,3515.20,5955486.18
2035/11,2035,11,0.00,0.00,0.00,0.00,1850.00,0.00,4643.95,10878.83,0.00,0.00,0.00,5955486.18,0.00,70243.55,6045226.44
2035/12,2035,12,0.00,0.00,0.00,0.00,1850.00,0.00,4643.95,10816.81,0.00,0.00,0.00,6045226.44,0.00,-52237.76,6012779.18
2036/01,2036,1,0.00,0.00,0.00,0.00,1850.00,0.00,4643.95,10754.79,0.00,458941.18,0.00,6012779.18,0.00,468642.44,6501105.89
2036/02,2036,2,0.00,0.00,0.00,0.00,2200.00,0.00,0.00,10692.77,0.00,0.00,0.00,6501105.89,0.00,10107.23,6532496.05
2036/03,2036,3,0.00,0.00,0.00,0.00,1000.00,0.00,0.00,10630.75,0.00,0.00,0.00,6532496.05,0.00,11369.25,6565250.99
2036/04,2036,4,0.00,0.00,0.00,0.00,1000.00,0.00,0.00,10568.73,0.00,0.00,0.00,6565250.99,0.00,41431.27,6628175.19
2036/05,2036,5,0.00,0.00,0.00,0.00,1000.00,0.00,0.00,10506.71,0.00,0.00,0.00,6628175.19,0.00,11493.29,6661367.41
2036/06,2036,6,0.00,0.00,0.00,0.00,1000.00,0.00,0.00,10444.68,0.00,0.00,0.00,6661367.41,0.00,11555.32,6694730.30
2036/07,2036,7,0.00,0.00,0.00,0.00,1000.00,0.00,0.00,10382.66,0.00,0.00,0.00,6694730.30,0.00,-44259.66,6672387.45
2036/08,2036,8,0.00,0.00,0.00,0.00,1000.00,0.00,0.00,10320.64,0.00,0.00,0.00,6672387.45,0.00,11679.36,6705910.46
2036/09,2036,9,0.00,0.00,0.00,0.00,1000.00,0.00,0.00,10258.62,0.00,0.00,0.00,6705910.46,0.00,11741.38,6739605.25
2036/10,2036,10,0.00,0.00,0.00,0.00,1000.00,0.00,0.00,10196.60,0.00,0.00,0.00,6739605.25,0.00,11803.40,6773472.36
2036/11,2036,11,0.00,0.00,0.00,0.00,1000.00,0.00,0.00,10134.58,0.00,0.00,0.00,6773472.36,0.00,78531.75,6874178.70
2036/12,2036,12,0.00,0.00,0.00,0.00,1000.00,0.00,0.00,10072.56,0.00,0.00,100000.00,6874178.70,0.00,-143949.56,6752733.41
2037/01,2037,1,0.00,0.00,0.00,0.00,1000.00,0.00,0.00,10010.54,0.00,0.00,0.00,6752733.41,0.00,17989.46,6792829.57
2037/02,2037,2,0.00,0.00,0.00,0.00,2200.00,0.00,0.00,9948.52,0.00,0.00,0.00,6792829.57,0.00,16851.48,6831919.01
2037/03,2037,3,0.00,0.00,0.00,0.00,1000.00,0.00,0.00,9886.49,0.00,0.00,0.00,6831919.01,0.00,18113.51,6872398.44
2037/04,2037,4,0.00,0.00,0.00,0.00,1000.00,0.00,0.00,9824.47,0.00,0.00,0.00,6872398.44,0.00,48175.53,6943072.41
2037/05,2037,5,0.00,0.00,0.00,0.00,1000.00,0.00,0.00,9762.45,0.00,0.00,0.00,6943072.41,0.00,18237.55,6984039.77
2037/06,2037,6,0.00,0.00,0.00,0.00,1000.00,0.00,0.00,9700.43,0.00,0.00,0.00,6984039.77,0.00,18299.57,7025203.26
2037/07,2037,7,0.00,0.00,0.00,0.00,1000.00,0.00,0.00,9638.41,0.00,0.00,0.00,7025203.26,0.00,-37515.41,7010686.54
2037/08,2037,8,0.00,0.00,0.00,0.00,1000.00,0.00,0.00,9576.39,0.00,0.00,0.00,7010686.54,0.00,18423.61,7052061.32
2037/09,2037,9,0.00,0.00,0.00,0.00,1000.00,0.00,0.00,9514.37,0.00,0.00,0.00,7052061.32,0.00,18485.63,7093633.56
2037/10,2037,10,0.00,0.00,0.00,0.00,1000.00,0.00,0.00,9452.35,0.00,0.00,0.00,7093633.56,0.00,18547.65,7135403.92
2037/11,2037,11,0.00,0.00,0.00,0.00,1000.00,0.00,0.00,9390.33,0.00,0.00,0.00,7135403.92,0.00,85276.00,7244039.38
2037/12,2037,12,0.00,0.00,0.00,0.00,1000.00,0.00,0.00,9328.31,0.00,0.00,0.00,7244039.38,0.00,-37205.31,7230549.18
2038/01,2038,1,0.00,0.00,0.00,0.00,1000.00,0.00,0.00,9266.28,0.00,0.00,0.00,7230549.18,0.00,12558.32,7266778.43
2038/02,2038,2,0.00,0.00,0.00,0.00,2200.00,0.00,0.00,9204.26,0.00,0.00,0.00,7266778.43,0.00,11420.34,7301988.31
2038/03,2038,3,0.00,0.00,0.00,0.00,1000.00,0.00,0.00,9142.24,0.00,0.00,0.00,7301988.31,0.00,12682.36,7338575.48
2038/04,2038,4,0.00,0.00,0.00,0.00,1000.00,0.00,0.00,9080.22,0.00,0.00,0.00,7338575.48,0.00,42744.38,7405344.44
2038/05,2038,5,0.00,0.00,0.00,0.00,1000.00,0.00,0.00,9018.20,0.00,0.00,0.00,7405344.44,0.00,12806.40,7442394.01
2038/06,2038,6,0.00,0.00,0.00,0.00,1000.00,0.00,0.00,8956.18,0.00,0.00,0.00,7442394.01,0.00,12868.42,7479626.90
2038/07,2038,7,0.00,0.00,0.00,0.00,1000.00,0.00,0.00,8894.16,0.00,0.00,0.00,7479626.90,0.00,-42946.56,7461166.69
2038/08,2038,8,0.00,0.00,0.00,0.00,1000.00,0.00,0.00,8832.14,0.00,0.00,0.00,7461166.69,0.00,12992.46,7498585.07
2038/09,2038,9,0.00,0.00,0.00,0.00,1000.00,0.00,0.00,8770.12,0.00,0.00,0.00,7498585.07,0.00,13054.48,7536187.97
2038/10,2038,10,0.00,0.00,0.00,0.00,1000.00,0.00,0.00,8708.09,0.00,0.00,0.00,7536187.97,0.00,13116.51,7573976.00
2038/11,2038,11,0.00,0.00,0.00,0.00,1000.00,0.00,0.00,8646.07,0.00,0.00,0.00,7573976.00,0.00,79844.86,7678616.08
2038/12,2038,12,0.00,0.00,0.00,0.00,1000.00,0.00,0.00,8584.05,0.00,0.00,100000.00,7678616.08,0.00,-142636.45,7561117.42
2039/01,2039,1,0.00,0.00,0.00,0.00,1000.00,0.00,0.00,8522.03,0.00,0.00,0.00,7561117.42,0.00,18477.97,7604348.52
2039/02,2039,2,0.00,0.00,0.00,0.00,2200.00,0.00,0.00,8460.01,0.00,0.00,0.00,7604348.52,0.00,17339.99,7646583.17
2039/03,2039,3,0.00,0.00,0.00,0.00,1000.00,0.00,0.00,8397.99,0.00,0.00,0.00,7646583.17,0.00,18602.01,7690218.10
2039/04,2039,4,0.00,0.00,0.00,0.00,1000.00,0.00,0.00,8335.97,0.00,0.00,0.00,7690218.10,0.00,48664.03,7764057.91
2039/05,2039,5,0.00,0.00,0.00,0.00,1000.00,0.00,0.00,8273.95,0.00,0.00,0.00,7764057.91,0.00,18726.05,7808201.47
2039/06,2039,6,0.00,0.00,0.00,0.00,1000.00,0.00,0.00,8211.93,0.00,0.00,0.00,7808201.47,0.00,18788.07,7852551.56
2039/07,2039,7,0.00,0.00,0.00,0.00,1000.00,0.00,0.00,8149.90,0.00,0.00,0.00,7852551.56,0.00,-37026.90,7841231.87
2039/08,2039,8,0.00,0.00,0.00,0.00,1000.00,0.00,0.00,8087.88,0.00,0.00,0.00,7841231.87,0.00,18912.12,7885814.14
2039/09,2039,9,0.00,0.00,0.00,0.00,1000.00,0.00,0.00,8025.86,0.00,0.00,0.00,7885814.14,0.00,18974.14,7930604.38
2039/10,2039,10,0.00,0.00,0.00,0.00,1000.00,0.00,0.00,7963.84,0.00,0.00,0.00,7930604.38,0.00,19036.16,7975603.27
2039/11,2039,11,0.00,0.00,0.00,0.00,1000.00,0.00,0.00,7901.82,0.00,0.00,0.00,7975603.27,0.00,85764.51,8087477.83
2039/12,2039,12,0.00,0.00,0.00,0.00,1000.00,0.00,0.00,7839.80,0.00,0.00,0.00,8087477.83,0.00,-36716.80,8077237.33
2040/01,2040,1,0.00,0.00,0.00,0.00,1000.00,0.00,0.00,0.00,0.00,0.00,0.00,8077237.33,0.00,27000.00,8130680.11
2040/02,2040,2,0.00,0.00,0.00,0.00,2200.00,0.00,0.00,0.00,0.00,0.00,0.00,8130680.11,0.00,25800.00,8183097.84
2040/03,2040,3,0.00,0.00,0.00,0.00,1000.00,0.00,0.00,0.00,0.00,0.00,0.00,8183097.84,0.00,27000.00,8236887.17
2040/04,2040,4,0.00,0.00,0.00,0.00,1000.00,0.00,0.00,0.00,0.00,0.00,0.00,8236887.17,0.00,57000.00,8320852.59
2040/05,2040,5,0.00,0.00,0.00,0.00,1000.00,0.00,0.00,0.00,0.00,0.00,0.00,8320852.59,0.00,27000.00,8375092.90
2040/06,2040,6,0.00,0.00,0.00,0.00,1000.00,0.00,0.00,0.00,0.00,0.00,0.00,8375092.90,0.00,27000.00,8429510.78
2040/07,2040,7,0.00,0.00,0.00,0.00,1000.00,0.00,0.00,0.00,0.00,0.00,0.00,8429510.78,0.00,-28877.00,8428229.80
2040/08,2040,8,0.00,0.00,0.00,0.00,1000.00,0.00,0.00,0.00,0.00,0.00,0.00,8428229.80,0.00,27000.00,8482821.63
2040/09,2040,9,0.00,0.00,0.00,0.00,1000.00,0.00,0.00,0.00,0.00,0.00,0.00,8482821.63,0.00,27000.00,8537592.18
2040/10,2040,10,0.00,0.00,0.00,0.00,1000.00,0.00,0.00,0.00,0.00,0.00,0.00,8537592.18,0.00,27000.00,8592542.04
2040/11,2040,11,0.00,0.00,0.00,0.00,1000.00,0.00,0.00,0.00,0.00,0.00,0.00,8592542.04,0.00,93666.33,8714338.11
2040/12,2040,12,0.00,0.00,0.00,0.00,1000.00,0.00,0.00,0.00,0.00,0.00,0.00,8714338.11,0.00,-28877.00,8713989.59
2041/01,2041,1,0.00,0.00,0.00,0.00,1000.00,0.00,0.00,0.00,0.00,0.00,0.00,8713989.59,0.00,27000.00,8769516.92
2041/02,2041,2,0.00,0.00,0.00,0.00,2200.00,0.00,0.00,0.00,0.00,0.00,0.00,8769516.92,0.00,25800.00,8824026.04
2041/03,2041,3,0.00,0.00,0.00,0.00,1000.00,0.00,0.00,0.00,0.00,0.00,0.00,8824026.04,0.00,27000.00,8879913.61
2041/04,2041,4,0.00,0.00,0.00,0.00,1000.00,0.00,0.00,0.00,0.00,0.00,0.00,8879913.61,0.00,57000.00,8965984.13
2041/05,2041,5,0.00,0.00,0.00,0.00,1000.00,0.00,0.00,0.00,0.00,0.00,0.00,8965984.13,0.00,27000.00,9022336.43
2041/06,2041,6,0.00,0.00,0.00,0.00,1000.00,0.00,0.00,0.00,0.00,0.00,0.00,9022336.43,0.00,27000.00,9078873.21
2041/07,2041,7,0.00,0.00,0.00,0.00,1000.00,0.00,0.00,0.00,0.00,0.00,0.00,9078873.21,0.00,-28877.00,9079718.08
2041/08,2041,8,0.00,0.00,0.00,0.00,1000.00,0.00,0.00,0.00,0.00,0.00,0.00,9079718.08,0.00,27000.00,9136442.72
2041/09,2041,9,0.00,0.00,0.00,0.00,1000.00,0.00,0.00,0.00,0.00,0.00,0.00,9136442.72,0.00,27000.00,9193353.05
2041/10,2041,10,0.00,0.00,0.00,0.00,1000.00,0.00,0.00,0.00,0.00,0.00,0.00,9193353.05,0.00,27000.00,9250449.70
2041/11,2041,11,0.00,0.00,0.00,0.00,1000.00,0.00,0.00,0.00,0.00,0.00,0.00,9250449.70,0.00,93666.33,9374399.59
2041/12,2041,12,0.00,0.00,0.00,0.00,1000.00,0.00,0.00,0.00,0.00,0.00,0.00,9374399.59,0.00,-28877.00,9376211.94
2042/01,2042,1,0.00,0.00,0.00,0.00,1000.00,0.00,0.00,0.00,0.00,0.00,0.00,9376211.94,0.00,27000.00,9433907.21
2042/02,2042,2,0.00,0.00,0.00,0.00,2200.00,0.00,0.00,0.00,0.00,0.00,0.00,9433907.21,0.00,25800.00,9490591.37
2042/03,2042,3,0.00,0.00,0.00,0.00,1000.00,0.00,0.00,0.00,0.00,0.00,0.00,9490591.37,0.00,27000.00,9548661.10
2042/04,2042,4,0.00,0.00,0.00,0.00,1000.00,0.00,0.00,0.00,0.00,0.00,0.00,9548661.10,0.00,57000.00,9636920.93
2042/05,2042,5,0.00,0.00,0.00,0.00,1000.00,0.00,0.00,0.00,0.00,0.00,0.00,9636920.93,0.00,27000.00,9695469.70
2042/06,2042,6,0.00,0.00,0.00,0.00,1000.00,0.00,0.00,0.00,0.00,0.00,0.00,9695469.70,0.00,27000.00,9754210.15
2042/07,2042,7,0.00,0.00,0.00,0.00,1000.00,0.00,0.00,0.00,0.00,0.00,0.00,9754210.15,0.00,-28877.00,9757265.89
2042/08,2042,8,0.00,0.00,0.00,0.00,1000.00,0.00,0.00,0.00,0.00,0.00,0.00,9757265.89,0.00,27000.00,9816208.64
2042/09,2042,9,0.00,0.00,0.00,0.00,1000.00,0.00,0.00,0.00,0.00,0.00,0.00,9816208.64,0.00,27000.00,9875344.35
2042/10,2042,10,0.00,0.00,0.00,0.00,1000.00,0.00,0.00,0.00,0.00,0.00,0.00,9875344.35,0.00,27000.00,9934673.66
2042/11,2042,11,0.00,0.00,0.00,0.00,1000.00,0.00,0.00,0.00,0.00,0.00,0.00,9934673.66,0.00,93666.33,10060863.53
2042/12,2042,12,0.00,0.00,0.00,0.00,1000.00,0.00,0.00,0.00,0.00,0.00,0.00,10060863.53,0.00,-28877.00,10064923.18
2043/01,2043,1,0.00,0.00,0.00,0.00,1000.00,0.00,0.00,0.00,0.00,0.00,0.00,10064923.18,0.00,27000.00,10124873.12
2043/02,2043,2,0.00,0.00,0.00,0.00,2200.00,0.00,0.00,0.00,0.00,0.00,0.00,10124873.12,0.00,25800.00,10183819.32
2043/03,2043,3,0.00,0.00,0.00,0.00,1000.00,0.00,0.00,0.00,0.00,0.00,0.00,10183819.32,0.00,27000.00,10244158.49
2043/04,2043,4,0.00,0.00,0.00,0.00,1000.00,0.00,0.00,0.00,0.00,0.00,0.00,10244158.49,0.00,57000.00,10334695.20
2043/05,2043,5,0.00,0.00,0.00,0.00,1000.00,0.00,0.00,0.00,0.00,0.00,0.00,10334695.20,0.00,27000.00,10395528.30
2043/06,2043,6,0.00,0.00,0.00,0.00,1000.00,0.00,0.00,0.00,0.00,0.00,0.00,10395528.30,0.00,27000.00,10456560.56
2043/07,2043,7,0.00,0.00,0.00,0.00,1000.00,0.00,0.00,0.00,0.00,0.00,0.00,10456560.56,0.00,-28877.00,10461915.62
2043/08,2043,8,0.00,0.00,0.00,0.00,1000.00,0.00,0.00,0.00,0.00,0.00,0.00,10461915.62,0.00,27000.00,10523165.21
2043/09,2043,9,0.00,0.00,0.00,0.00,1000.00,0.00,0.00,0.00,0.00,0.00,0.00,10523165.21,0.00,27000.00,10584615.31
2043/10,2043,10,0.00,0.00,0.00,0.00,1000.00,0.00,0.00,0.00,0.00,0.00,0.00,10584615.31,0.00,27000.00,10646266.59
2043/11,2043,11,0.00,0.00,0.00,0.00,1000.00,0.00,0.00,0.00,0.00,0.00,0.00,10646266.59,0.00,93666.33,10774786.02
2043/12,2043,12,0.00,0.00,0.00,0.00,1000.00,0.00,0.00,0.00,0.00,0.00,0.00,10774786.02,0.00,-28877.00,10781182.87
2044/01,2044,1,0.00,0.00,0.00,0.00,1000.00,0.00,0.00,0.00,0.00,0.00,0.00,10781182.87,0.00,33000.00,10849477.66
2044/02,2044,2,0.00,0.00,0.00,0.00,2200.00,0.00,0.00,0.00,0.00,0.00,0.00,10849477.66,0.00,31800.00,10916796.02
2044/03,2044,3,0.00,0.00,0.00,0.00,1000.00,0.00,0.00,0.00,0.00,0.00,0.00,10916796.02,0.00,33000.00,10985534.77
2044/04,2044,4,0.00,0.00,0.00,0.00,1000.00,0.00,0.00,0.00,0.00,0.00,0.00,10985534.77,0.00,63000.00,11084498.55
2044/05,2044,5,0.00,0.00,0.00,0.00,1000.00,0.00,0.00,0.00,0.00,0.00,0.00,11084498.55,0.00,33000.00,11153786.32
2044/06,2044,6,0.00,0.00,0.00,0.00,1000.00,0.00,0.00,0.00,0.00,0.00,0.00,11153786.32,0.00,33000.00,11223300.91
2044/07,2044,7,0.00,0.00,0.00,0.00,1000.00,0.00,0.00,0.00,0.00,0.00,0.00,11223300.91,0.00,-22877.00,11237166.08
2044/08,2044,8,0.00,0.00,0.00,0.00,1000.00,0.00,0.00,0.00,0.00,0.00,0.00,11237166.08,0.00,33000.00,11306953.64
2044/09,2044,9,0.00,0.00,0.00,0.00,1000.00,0.00,0.00,0.00,0.00,0.00,0.00,11306953.64,0.00,33000.00,11376969.66
2044/10,2044,10,0.00,0.00,0.00,0.00,1000.00,0.00,0.00,0.00,0.00,0.00,0.00,11376969.66,0.00,33000.00,11447214.90
2044/11,2044,11,0.00,0.00,0.00,0.00,1000.00,0.00,0.00,0.00,0.00,0.00,0.00,11447214.90,0.00,99666.33,11584356.43
2044/12,2044,12,0.00,0.00,0.00,0.00,1000.00,0.00,0.00,0.00,0.00,0.00,0.00,11584356.43,0.00,-22877.00,11599403.60
2045/01,2045,1,0.00,0.00,0.00,0.00,1000.00,0.00,0.00,0.00,0.00,0.00,0.00,11599403.60,0.00,33000.00,11670377.03
2045/02,2045,2,0.00,0.00,0.00,0.00,2200.00,0.00,0.00,0.00,0.00,0.00,0.00,11670377.03,0.00,31800.00,11740382.81
2045/03,2045,3,0.00,0.00,0.00,0.00,1000.00,0.00,0.00,0.00,0.00,0.00,0.00,11740382.81,0.00,33000.00,11811817.76
2045/04,2045,4,0.00,0.00,0.00,0.00,1000.00,0.00,0.00,0.00,0.00,0.00,0.00,11811817.76,0.00,63000.00,11913486.58
2045/05,2045,5,0.00,0.00,0.00,0.00,1000.00,0.00,0.00,0.00,0.00,0.00,0.00,11913486.58,0.00,33000.00,11985488.24
2045/06,2045,6,0.00,0.00,0.00,0.00,1000.00,0.00,0.00,0.00,0.00,0.00,0.00,11985488.24,0.00,33000.00,12057725.61
2045/07,2045,7,0.00,0.00,0.00,0.00,1000.00,0.00,0.00,0.00,0.00,0.00,0.00,12057725.61,0.00,-22877.00,12074322.46
2045/08,2045,8,0.00,0.00,0.00,0.00,1000.00,0.00,0.00,0.00,0.00,0.00,0.00,12074322.46,0.00,33000.00,12146850.65
2045/09,2045,9,0.00,0.00,0.00,0.00,1000.00,0.00,0.00,0.00,0.00,0.00,0.00,12146850.65,0.00,33000.00,12219616.28
2045/10,2045,10,0.00,0.00,0.00,0.00,1000.00,0.00,0.00,0.00,0.00,0.00,0.00,12219616.28,0.00,33000.00,12292620.13
2045/11,2045,11,0.00,0.00,0.00,0.00,1000.00,0.00,0.00,0.00,0.00,0.00,0.00,12292620.13,0.00,99666.33,12432529.29
2045/12,2045,12,0.00,0.00,0.00,0.00,1000.00,0.00,0.00,0.00,0.00,0.00,658770.00,12432529.29,0.00,-681647.00,11791583.16
2046/01,2046,1,0.00,0.00,0.00,0.00,1000.00,0.00,0.00,0.00,0.00,0.00,0.00,11791583.16,0.00,33000.00,11863185.74
2046/02,2046,2,0.00,0.00,0.00,0.00,2200.00,0.00,0.00,0.00,0.00,0.00,0.00,11863185.74,0.00,31800.00,11933822.72
2046/03,2046,3,0.00,0.00,0.00,0.00,1000.00,0.00,0.00,0.00,0.00,0.00,0.00,11933822.72,0.00,33000.00,12005890.95
2046/04,2046,4,0.00,0.00,0.00,0.00,1000.00,0.00,0.00,0.00,0.00,0.00,0.00,12005890.95,0.00,63000.00,12108195.11
2046/05,2046,5,0.00,0.00,0.00,0.00,1000.00,0.00,0.00,0.00,0.00,0.00,0.00,12108195.11,0.00,33000.00,12180834.19
2046/06,2046,6,0.00,0.00,0.00,0.00,1000.00,0.00,0.00,0.00,0.00,0.00,0.00,12180834.19,0.00,33000.00,12253711.07
2046/07,2046,7,0.00,0.00,0.00,0.00,1000.00,0.00,0.00,0.00,0.00,0.00,0.00,12253711.07,0.00,-22877.00,12270949.53
2046/08,2046,8,0.00,0.00,0.00,0.00,1000.00,0.00,0.00,0.00,0.00,0.00,0.00,12270949.53,0.00,33000.00,12344121.43
2046/09,2046,9,0.00,0.00,0.00,0.00,1000.00,0.00,0.00,0.00,0.00,0.00,0.00,12344121.43,0.00,33000.00,12417532.87
2046/10,2046,10,0.00,0.00,0.00,0.00,1000.00,0.00,0.00,0.00,0.00,0.00,0.00,12417532.87,0.00,33000.00,12491184.64
2046/11,2046,11,0.00,0.00,0.00,0.00,1000.00,0.00,0.00,0.00,0.00,0.00,0.00,12491184.64,0.00,99666.33,12631743.86
2046/12,2046,12,0.00,0.00,0.00,0.00,1000.00,0.00,0.00,0.00,0.00,0.00,0.00,12631743.86,0.00,-22877.00,12650219.90
2047/01,2047,1,0.00,0.00,0.00,0.00,1000.00,0.00,0.00,0.00,0.00,0.00,0.00,12650219.90,0.00,33000.00,12724633.43
2047/02,2047,2,0.00,0.00,0.00,0.00,2200.00,0.00,0.00,0.00,0.00,0.00,0.00,12724633.43,0.00,31800.00,12798090.57
2047/03,2047,3,0.00,0.00,0.00,0.00,1000.00,0.00,0.00,0.00,0.00,0.00,0.00,12798090.57,0.00,33000.00,12872988.19
2047/04,2047,4,0.00,0.00,0.00,0.00,1000.00,0.00,0.00,0.00,0.00,0.00,0.00,12872988.19,0.00,63000.00,12978131.00
2047/05,2047,5,0.00,0.00,0.00,0.00,1000.00,0.00,0.00,0.00,0.00,0.00,0.00,12978131.00,0.00,33000.00,13053618.03
2047/06,2047,6,0.00,0.00,0.00,0.00,1000.00,0.00,0.00,0.00,0.00,0.00,0.00,13053618.03,0.00,33000.00,13129352.17
2047/07,2047,7,0.00,0.00,0.00,0.00,1000.00,0.00,0.00,0.00,0.00,0.00,0.00,13129352.17,0.00,-22877.00,13149457.26
2047/08,2047,8,0.00,0.00,0.00,0.00,1000.00,0.00,0.00,0.00,0.00,0.00,0.00,13149457.26,0.00,33000.00,13225505.16
2047/09,2047,9,0.00,0.00,0.00,0.00,1000.00,0.00,0.00,0.00,0.00,0.00,0.00,13225505.16,0.00,33000.00,13301802.02
2047/10,2047,10,0.00,0.00,0.00,0.00,1000.00,0.00,0.00,0.00,0.00,0.00,0.00,13301802.02,0.00,33000.00,13378348.66
2047/11,2047,11,0.00,0.00,0.00,0.00,1000.00,0.00,0.00,0.00,0.00,0.00,0.00,13378348.66,0.00,99666.33,13521812.22
2047/12,2047,12,0.00,0.00,0.00,0.00,1000.00,0.00,0.00,0.00,0.00,0.00,0.00,13521812.22,0.00,-22877.00,13543202.12
2048/01,2048,1,0.00,0.00,0.00,0.00,1000.00,0.00,0.00,0.00,0.00,0.00,0.00,13543202.12,0.00,33000.00,13620539.04
2048/02,2048,2,0.00,0.00,0.00,0.00,2200.00,0.00,0.00,0.00,0.00,0.00,0.00,13620539.04,0.00,31800.00,13696929.14
2048/03,2048,3,0.00,0.00,0.00,0.00,1000.00,0.00,0.00,0.00,0.00,0.00,0.00,13696929.14,0.00,33000.00,13774769.32
2048/04,2048,4,0.00,0.00,0.00,0.00,1000.00,0.00,0.00,0.00,0.00,0.00,0.00,13774769.32,0.00,63000.00,13882864.33
2048/05,2048,5,0.00,0.00,0.00,0.00,1000.00,0.00,0.00,0.00,0.00,0.00,0.00,13882864.33,0.00,33000.00,13961313.21
2048/06,2048,6,0.00,0.00,0.00,0.00,1000.00,0.00,0.00,0.00,0.00,0.00,0.00,13961313.21,0.00,33000.00,14040018.92
2048/07,2048,7,0.00,0.00,0.00,0.00,1000.00,0.00,0.00,0.00,0.00,0.00,0.00,14040018.92,0.00,-22877.00,14063105.29
2048/08,2048,8,0.00,0.00,0.00,0.00,1000.00,0.00,0.00,0.00,0.00,0.00,0.00,14063105.29,0.00,33000.00,14142144.24
2048/09,2048,9,0.00,0.00,0.00,0.00,1000.00,0.00,0.00,0.00,0.00,0.00,0.00,14142144.24,0.00,33000.00,14221441.94
2048/10,2048,10,0.00,0.00,0.00,0.00,1000.00,0.00,0.00,0.00,0.00,0.00,0.00,14221441.94,0.00,33000.00,14300999.24
2048/11,2048,11,0.00,0.00,0.00,0.00,1000.00,0.00,0.00,0.00,0.00,0.00,0.00,14300999.24,0.00,99666.33,14447483.32
2048/12,2048,12,0.00,0.00,0.00,0.00,1000.00,0.00,0.00,0.00,0.00,0.00,0.00,14447483.32,0.00,-22877.00,14471903.62
2049/01,2049,1,0.00,0.00,0.00,0.00,1000.00,0.00,0.00,0.00,0.00,0.00,0.00,14471903.62,0.00,33000.00,14552280.86
2049/02,2049,2,0.00,0.00,0.00,0.00,2200.00,0.00,0.00,0.00,0.00,0.00,0.00,14552280.86,0.00,31800.00,14631721.24
2049/03,2049,3,0.00,0.00,0.00,0.00,1000.00,0.00,0.00,0.00,0.00,0.00,0.00,14631721.24,0.00,33000.00,14712621.69
2049/04,2049,4,0.00,0.00,0.00,0.00,1000.00,0.00,0.00,0.00,0.00,0.00,0.00,14712621.69,0.00,63000.00,14823786.99
2049/05,2049,5,0.00,0.00,0.00,0.00,1000.00,0.00,0.00,0.00,0.00,0.00,0.00,14823786.99,0.00,33000.00,14905316.21
2049/06,2049,6,0.00,0.00,0.00,0.00,1000.00,0.00,0.00,0.00,0.00,0.00,0.00,14905316.21,0.00,33000.00,14987112.33
2049/07,2049,7,0.00,0.00,0.00,0.00,1000.00,0.00,0.00,0.00,0.00,0.00,0.00,14987112.33,0.00,-22877.00,15013299.24
2049/08,2049,8,0.00,0.00,0.00,0.00,1000.00,0.00,0.00,0.00,0.00,0.00,0.00,15013299.24,0.00,33000.00,15095448.88
2049/09,2049,9,0.00,0.00,0.00,0.00,1000.00,0.00,0.00,0.00,0.00,0.00,0.00,15095448.88,0.00,33000.00,15177867.45
2049/10,2049,10,0.00,0.00,0.00,0.00,1000.00,0.00,0.00,0.00,0.00,0.00,0.00,15177867.45,0.00,33000.00,15260555.84
2049/11,2049,11,0.00,0.00,0.00,0.00,1000.00,0.00,0.00,0.00,0.00,0.00,0.00,15260555.84,0.00,99666.33,15410181.25
2049/12,2049,12,0.00,0.00,0.00,0.00,1000.00,0.00,0.00,0.00,0.00,0.00,0.00,15410181.25,0.00,-22877.00,15437753.18
2050/01,2050,1,0.00,0.00,0.00,0.00,1000.00,0.00,0.00,0.00,0.00,0.00,0.00,15437753.18,0.00,33000.00,15521292.36
2050/02,2050,2,0.00,0.00,0.00,0.00,2200.00,0.00,0.00,0.00,0.00,0.00,0.00,15521292.36,0.00,31800.00,15603905.04
2050/03,2050,3,0.00,0.00,0.00,0.00,1000.00,0.00,0.00,0.00,0.00,0.00,0.00,15603905.04,0.00,33000.00,15687988.16
2050/04,2050,4,0.00,0.00,0.00,0.00,1000.00,0.00,0.00,0.00,0.00,0.00,0.00,15687988.16,0.00,63000.00,15802346.55
2050/05,2050,5,0.00,0.00,0.00,0.00,1000.00,0.00,0.00,0.00,0.00,0.00,0.00,15802346.55,0.00,33000.00,15887079.32
2050/06,2050,6,0.00,0.00,0.00,0.00,1000.00,0.00,0.00,0.00,0.00,0.00,0.00,15887079.32,0.00,33000.00,15972089.49
2050/07,2050,7,0.00,0.00,0.00,0.00,1000.00,0.00,0.00,0.00,0.00,0.00,0.00,15972089.49,0.00,-22877.00,16001500.95
2050/08,2050,8,0.00,0.00,0.00,0.00,1000.00,0.00,0.00,0.00,0.00,0.00,0.00,16001500.95,0.00,33000.00,16086885.70
2050/09,2050,9,0.00,0.00,0.00,0.00,1000.00,0.00,0.00,0.00,0.00,0.00,0.00,16086885.70,0.00,33000.00,16172549.98
2050/10,2050,10,0.00,0.00,0.00,0.00,1000.00,0.00,0.00,0.00,0.00,0.00,0.00,16172549.98,0.00,33000.00,16258494.70
2050/11,2050,11,0.00,0.00,0.00,0.00,1000.00,0.00,0.00,0.00,0.00,0.00,0.00,16258494.70,0.00,99666.33,16411387.11
2050/12,2050,12,0.00,0.00,0.00,0.00,1000.00,0.00,0.00,0.00,0.00,0.00,0.00,16411387.11,0.00,-22877.00,16442236.72
2051/01,2051,1,0.00,0.00,0.00,0.00,1000.00,0.00,0.00,0.00,0.00,0.00,0.00,16442236.72,0.00,33000.00,16529064.33
2051/02,2051,2,0.00,0.00,0.00,0.00,2200.00,0.00,0.00,0.00,0.00,0.00,0.00,16529064.33,0.00,31800.00,16614976.18
2051/03,2051,3,0.00,0.00,0.00,0.00,1000.00,0.00,0.00,0.00,0.00,0.00,0.00,16614976.18,0.00,33000.00,16702369.29
2051/04,2051,4,0.00,0.00,0.00,0.00,1000.00,0.00,0.00,0.00,0.00,0.00,0.00,16702369.29,0.00,63000.00,16820048.50
2051/05,2051,5,0.00,0.00,0.00,0.00,1000.00,0.00,0.00,0.00,0.00,0.00,0.00,16820048.50,0.00,33000.00,16908112.96
2051/06,2051,6,0.00,0.00,0.00,0.00,1000.00,0.00,0.00,0.00,0.00,0.00,0.00,16908112.96,0.00,33000.00,16996465.72
2051/07,2051,7,0.00,0.00,0.00,0.00,1000.00,0.00,0.00,0.00,0.00,0.00,0.00,16996465.72,0.00,-22877.00,17029230.73
2051/08,2051,8,0.00,0.00,0.00,0.00,1000.00,0.00,0.00,0.00,0.00,0.00,0.00,17029230.73,0.00,33000.00,17117980.00
2051/09,2051,9,0.00,0.00,0.00,0.00,1000.00,0.00,0.00,0.00,0.00,0.00,0.00,17117980.00,0.00,33000.00,17207019.81
2051/10,2051,10,0.00,0.00,0.00,0.00,1000.00,0.00,0.00,0.00,0.00,0.00,0.00,17207019.81,0.00,33000.00,17296351.12
2051/11,2051,11,0.00,0.00,0.00,0.00,1000.00,0.00,0.00,0.00,0.00,0.00,0.00,17296351.12,0.00,99666.33,17452641.20
2051/12,2051,12,0.00,0.00,0.00,0.00,1000.00,0.00,0.00,0.00,0.00,0.00,0.00,17452641.20,0.00,-22877.00,17486899.61
2052/01,2052,1,0.00,0.00,0.00,0.00,1000.00,0.00,0.00,0.00,0.00,0.00,0.00,17486899.61,0.00,33000.00,17577147.17
2052/02,2052,2,0.00,0.00,0.00,0.00,2200.00,0.00,0.00,0.00,0.00,0.00,0.00,17577147.17,0.00,31800.00,17666490.17
2052/03,2052,3,0.00,0.00,0.00,0.00,1000.00,0.00,0.00,0.00,0.00,0.00,0.00,17666490.17,0.00,33000.00,17757325.66
2052/04,2052,4,0.00,0.00,0.00,0.00,1000.00,0.00,0.00,0.00,0.00,0.00,0.00,17757325.66,0.00,63000.00,17878458.53
2052/05,2052,5,0.00,0.00,0.00,0.00,1000.00,0.00,0.00,0.00,0.00,0.00,0.00,17878458.53,0.00,33000.00,17969987.95
2052/06,2052,6,0.00,0.00,0.00,0.00,1000.00,0.00,0.00,0.00,0.00,0.00,0.00,17969987.95,0.00,33000.00,18061817.01
2052/07,2052,7,0.00,0.00,0.00,0.00,1000.00,0.00,0.00,0.00,0.00,0.00,0.00,18061817.01,0.00,-22877.00,18098069.70
2052/08,2052,8,0.00,0.00,0.00,0.00,1000.00,0.00,0.00,0.00,0.00,0.00,0.00,18098069.70,0.00,33000.00,18190318.07
2052/09,2052,9,0.00,0.00,0.00,0.00,1000.00,0.00,0.00,0.00,0.00,0.00,0.00,18190318.07,0.00,33000.00,18282868.44
2052/10,2052,10,0.00,0.00,0.00,0.00,1000.00,0.00,0.00,0.00,0.00,0.00,0.00,18282868.44,0.00,33000.00,18375721.79
2052/11,2052,11,0.00,0.00,0.00,0.00,1000.00,0.00,0.00,0.00,0.00,0.00,0.00,18375721.79,0.00,99666.33,18535545.45
2052/12,2052,12,0.00,0.00,0.00,0.00,1000.00,0.00,0.00,0.00,0.00,0.00,0.00,18535545.45,0.00,-22877.00,18573349.01
2053/01,2053,1,0.00,0.00,0.00,0.00,1000.00,0.00,0.00,0.00,0.00,0.00,0.00,18573349.01,0.00,33000.00,18667153.32
2053/02,2053,2,0.00,0.00,0.00,0.00,2200.00,0.00,0.00,0.00,0.00,0.00,0.00,18667153.32,0.00,31800.00,18760064.72
2053/03,2053,3,0.00,0.00,0.00,0.00,1000.00,0.00,0.00,0.00,0.00,0.00,0.00,18760064.72,0.00,33000.00,18854480.29
2053/04,2053,4,0.00,0.00,0.00,0.00,1000.00,0.00,0.00,0.00,0.00,0.00,0.00,18854480.29,0.00,63000.00,18979204.95
2053/05,2053,5,0.00,0.00,0.00,0.00,1000.00,0.00,0.00,0.00,0.00,0.00,0.00,18979204.95,0.00,33000.00,19074337.93
2053/06,2053,6,0.00,0.00,0.00,0.00,1000.00,0.00,0.00,0.00,0.00,0.00,0.00,19074337.93,0.00,33000.00,19169782.35
2053/07,2053,7,0.00,0.00,0.00,0.00,1000.00,0.00,0.00,0.00,0.00,0.00,0.00,19169782.35,0.00,-22877.00,19209662.23
2053/08,2053,8,0.00,0.00,0.00,0.00,1000.00,0.00,0.00,0.00,0.00,0.00,0.00,19209662.23,0.00,33000.00,19305549.67
2053/09,2053,9,0.00,0.00,0.00,0.00,1000.00,0.00,0.00,0.00,0.00,0.00,0.00,19305549.67,0.00,33000.00,19401751.01
2053/10,2053,10,0.00,0.00,0.00,0.00,1000.00,0.00,0.00,0.00,0.00,0.00,0.00,19401751.01,0.00,33000.00,19498267.30
2053/11,2053,11,0.00,0.00,0.00,0.00,1000.00,0.00,0.00,0.00,0.00,0.00,0.00,19498267.30,0.00,99666.33,19661765.88
2053/12,2053,12,0.00,0.00,0.00,0.00,1000.00,0.00,0.00,0.00,0.00,0.00,0.00,19661765.88,0.00,-22877.00,19703256.38
2054/01,2054,1,0.00,0.00,0.00,0.00,1000.00,0.00,0.00,0.00,0.00,0.00,0.00,19703256.38,0.00,33000.00,19800759.72
2054/02,2054,2,0.00,0.00,0.00,0.00,2200.00,0.00,0.00,0.00,0.00,0.00,0.00,19800759.72,0.00,31800.00,19897382.25
2054/03,2054,3,0.00,0.00,0.00,0.00,1000.00,0.00,0.00,0.00,0.00,0.00,0.00,19897382.25,0.00,33000.00,19995521.10
2054/04,2054,4,0.00,0.00,0.00,0.00,1000.00,0.00,0.00,0.00,0.00,0.00,0.00,19995521.10,0.00,63000.00,20123981.24
2054/05,2054,5,0.00,0.00,0.00,0.00,1000.00,0.00,0.00,0.00,0.00,0.00,0.00,20123981.24,0.00,33000.00,20222861.92
2054/06,2054,6,0.00,0.00,0.00,0.00,1000.00,0.00,0.00,0.00,0.00,0.00,0.00,20222861.92,0.00,33000.00,20322066.30
2054/07,2054,7,0.00,0.00,0.00,0.00,1000.00,0.00,0.00,0.00,0.00,0.00,0.00,20322066.30,0.00,-22877.00,20365718.46
2054/08,2054,8,0.00,0.00,0.00,0.00,1000.00,0.00,0.00,0.00,0.00,0.00,0.00,20365718.46,0.00,33000.00,20465390.52
2054/09,2054,9,0.00,0.00,0.00,0.00,1000.00,0.00,0.00,0.00,0.00,0.00,0.00,20465390.52,0.00,33000.00,20565388.89
2054/10,2054,10,0.00,0.00,0.00,0.00,1000.00,0.00,0.00,0.00,0.00,0.00,0.00,20565388.89,0.00,33000.00,20665714.62
2054/11,2054,11,0.00,0.00,0.00,0.00,1000.00,0.00,0.00,0.00,0.00,0.00,0.00,20665714.62,0.00,99666.33,20833035.12
2054/12,2054,12,0.00,0.00,0.00,0.00,1000.00,0.00,0.00,0.00,0.00,0.00,0.00,20833035.12,0.00,-22877.00,20878360.06
2055/01,2055,1,0.00,0.00,0.00,0.00,1000.00,0.00,0.00,0.00,0.00,0.00,0.00,20878360.06,0.00,-27000.00,20919710.37
2055/02,2055,2,0.00,0.00,0.00,0.00,2200.00,0.00,0.00,0.00,0.00,0.00,0.00,20919710.37,0.00,-28200.00,20959996.06
2055/03,2055,3,0.00,0.00,0.00,0.00,1000.00,0.00,0.00,0.00,0.00,0.00,0.00,20959996.06,0.00,-27000.00,21001613.63
2055/04,2055,4,0.00,0.00,0.00,0.00,1000.00,0.00,0.00,0.00,0.00,0.00,0.00,21001613.63,0.00,-27000.00,21043367.45
2055/05,2055,5,0.00,0.00,0.00,0.00,1000.00,0.00,0.00,0.00,0.00,0.00,0.00,21043367.45,0.00,-27000.00,21085257.96
2055/06,2055,6,0.00,0.00,0.00,0.00,1000.00,0.00,0.00,0.00,0.00,0.00,0.00,21085257.96,0.00,-27000.00,21127285.61
2055/07,2055,7,0.00,0.00,0.00,0.00,1000.00,0.00,0.00,0.00,0.00,0.00,0.00,21127285.61,0.00,-82877.00,21113573.85
2055/08,2055,8,0.00,0.00,0.00,0.00,1000.00,0.00,0.00,0.00,0.00,0.00,0.00,21113573.85,0.00,-27000.00,21155694.19
2055/09,2055,9,0.00,0.00,0.00,0.00,1000.00,0.00,0.00,0.00,0.00,0.00,0.00,21155694.19,0.00,-27000.00,21197952.43
2055/10,2055,10,0.00,0.00,0.00,0.00,1000.00,0.00,0.00,0.00,0.00,0.00,0.00,21197952.43,0.00,-27000.00,21240349.01
2055/11,2055,11,0.00,0.00,0.00,0.00,1000.00,0.00,0.00,0.00,0.00,0.00,0.00,21240349.01,0.00,-27000.00,21282884.39
2055/12,2055,12,0.00,0.00,0.00,0.00,1000.00,0.00,0.00,0.00,0.00,0.00,0.00,21282884.39,0.00,-82877.00,21269682.01
2056/01,2056,1,0.00,0.00,0.00,0.00,1000.00,0.00,0.00,0.00,0.00,0.00,0.00,21269682.01,0.00,-27000.00,21312313.41
2056/02,2056,2,0.00,0.00,0.00,0.00,2200.00,0.00,0.00,0.00,0.00,0.00,0.00,21312313.41,0.00,-28200.00,21353884.38
2056/03,2056,3,0.00,0.00,0.00,0.00,1000.00,0.00,0.00,0.00,0.00,0.00,0.00,21353884.38,0.00,-27000.00,21396791.44
2056/04,2056,4,0.00,0.00,0.00,0.00,1000.00,0.00,0.00,0.00,0.00,0.00,0.00,21396791.44,0.00,-27000.00,21439838.97
2056/05,2056,5,0.00,0.00,0.00,0.00,1000.00,0.00,0.00,0.00,0.00,0.00,0.00,21439838.97,0.00,-27000.00,21483027.42
2056/06,2056,6,0.00,0.00,0.00,0.00,1000.00,0.00,0.00,0.00,0.00,0.00,0.00,21483027.42,0.00,-27000.00,21526357.27
2056/07,2056,7,0.00,0.00,0.00,0.00,1000.00,0.00,0.00,0.00,0.00,0.00,0.00,21526357.27,0.00,-82877.00,21513951.96
2056/08,2056,8,0.00,0.00,0.00,0.00,1000.00,0.00,0.00,0.00,0.00,0.00,0.00,21513951.96,0.00,-27000.00,21557383.04
2056/09,2056,9,0.00,0.00,0.00,0.00,1000.00,0.00,0.00,0.00,0.00,0.00,0.00,21557383.04,0.00,-27000.00,21600956.30
2056/10,2056,10,0.00,0.00,0.00,0.00,1000.00,0.00,0.00,0.00,0.00,0.00,0.00,21600956.30,0.00,-27000.00,21644672.21
2056/11,2056,11,0.00,0.00,0.00,0.00,1000.00,0.00,0.00,0.00,0.00,0.00,0.00,21644672.21,0.00,-27000.00,21688531.24
2056/12,2056,12,0.00,0.00,0.00,0.00,1000.00,0.00,0.00,0.00,0.00,0.00,0.00,21688531.24,0.00,-82877.00,21676656.84
2057/01,2057,1,0.00,0.00,0.00,0.00,1000.00,0.00,0.00,0.00,0.00,0.00,0.00,21676656.84,0.00,-27000.00,21720620.58
2057/02,2057,2,0.00,0.00,0.00,0.00,2200.00,0.00,0.00,0.00,0.00,0.00,0.00,21720620.58,0.00,-28200.00,21763528.24
2057/03,2057,3,0.00,0.00,0.00,0.00,1000.00,0.00,0.00,0.00,0.00,0.00,0.00,21763528.24,0.00,-27000.00,21807776.36
2057/04,2057,4,0.00,0.00,0.00,0.00,1000.00,0.00,0.00,0.00,0.00,0.00,0.00,21807776.36,0.00,-27000.00,21852169.35
2057/05,2057,5,0.00,0.00,0.00,0.00,1000.00,0.00,0.00,0.00,0.00,0.00,0.00,21852169.35,0.00,-27000.00,21896707.67
2057/06,2057,6,0.00,0.00,0.00,0.00,1000.00,0.00,0.00,0.00,0.00,0.00,0.00,21896707.67,0.00,-27000.00,21941391.79
2057/07,2057,7,0.00,0.00,0.00,0.00,1000.00,0.00,0.00,0.00,0.00,0.00,0.00,21941391.79,0.00,-82877.00,21930345.20
2057/08,2057,8,0.00,0.00,0.00,0.00,1000.00,0.00,0.00,0.00,0.00,0.00,0.00,21930345.20,0.00,-27000.00,21975139.44
2057/09,2057,9,0.00,0.00,0.00,0.00,1000.00,0.00,0.00,0.00,0.00,0.00,0.00,21975139.44,0.00,-27000.00,22020080.33
2057/10,2057,10,0.00,0.00,0.00,0.00,1000.00,0.00,0.00,0.00,0.00,0.00,0.00,22020080.33,0.00,-27000.00,22065168.34
2057/11,2057,11,0.00,0.00,0.00,0.00,1000.00,0.00,0.00,0.00,0.00,0.00,0.00,22065168.34,0.00,-27000.00,22110403.96
2057/12,2057,12,0.00,0.00,0.00,0.00,1000.00,0.00,0.00,0.00,0.00,0.00,0.00,22110403.96,0.00,-82877.00,22099910.67
2058/01,2058,1,0.00,0.00,0.00,0.00,1000.00,0.00,0.00,0.00,0.00,0.00,0.00,22099910.67,0.00,-27000.00,22145260.03
2058/02,2058,2,0.00,0.00,0.00,0.00,2200.00,0.00,0.00,0.00,0.00,0.00,0.00,22145260.03,0.00,-28200.00,22189557.84
2058/03,2058,3,0.00,0.00,0.00,0.00,1000.00,0.00,0.00,0.00,0.00,0.00,0.00,22189557.84,0.00,-27000.00,22235200.68
2058/04,2058,4,0.00,0.00,0.00,0.00,1000.00,0.00,0.00,0.00,0.00,0.00,0.00,22235200.68,0.00,-27000.00,22280992.94
2058/05,2058,5,0.00,0.00,0.00,0.00,1000.00,0.00,0.00,0.00,0.00,0.00,0.00,22280992.94,0.00,-27000.00,22326935.12
2058/06,2058,6,0.00,0.00,0.00,0.00,1000.00,0.00,0.00,0.00,0.00,0.00,0.00,22326935.12,0.00,-27000.00,22373027.69
2058/07,2058,7,0.00,0.00,0.00,0.00,1000.00,0.00,0.00,0.00,0.00,0.00,0.00,22373027.69,0.00,-82877.00,22363394.16
2058/08,2058,8,0.00,0.00,0.00,0.00,1000.00,0.00,0.00,0.00,0.00,0.00,0.00,22363394.16,0.00,-27000.00,22409606.10
2058/09,2058,9,0.00,0.00,0.00,0.00,1000.00,0.00,0.00,0.00,0.00,0.00,0.00,22409606.10,0.00,-27000.00,22455969.32
2058/10,2058,10,0.00,0.00,0.00,0.00,1000.00,0.00,0.00,0.00,0.00,0.00,0.00,22455969.32,0.00,-27000.00,22502484.32
2058/11,2058,11,0.00,0.00,0.00,0.00,1000.00,0.00,0.00,0.00,0.00,0.00,0.00,22502484.32,0.00,-27000.00,22549151.59
2058/12,2058,12,0.00,0.00,0.00,0.00,1000.00,0.00,0.00,0.00,0.00,0.00,0.00,22549151.59,0.00,-82877.00,22540094.65
2059/01,2059,1,0.00,0.00,0.00,0.00,1000.00,0.00,0.00,0.00,0.00,0.00,0.00,22540094.65,0.00,-27000.00,22586885.05
2059/02,2059,2,0.00,0.00,0.00,0.00,2200.00,0.00,0.00,0.00,0.00,0.00,0.00,22586885.05,0.00,-28200.00,22632628.64
2059/03,2059,3,0.00,0.00,0.00,0.00,1000.00,0.00,0.00,0.00,0.00,0.00,0.00,22632628.64,0.00,-27000.00,22679721.97
2059/04,2059,4,0.00,0.00,0.00,0.00,1000.00,0.00,0.00,0.00,0.00,0.00,0.00,22679721.97,0.00,-27000.00,22726969.48
2059/05,2059,5,0.00,0.00,0.00,0.00,1000.00,0.00,0.00,0.00,0.00,0.00,0.00,22726969.48,0.00,-27000.00,22774371.67
2059/06,2059,6,0.00,0.00,0.00,0.00,1000.00,0.00,0.00,0.00,0.00,0.00,0.00,22774371.67,0.00,-27000.00,22821929.03
2059/07,2059,7,0.00,0.00,0.00,0.00,1000.00,0.00,0.00,0.00,0.00,0.00,0.00,22821929.03,0.00,-82877.00,22813765.09
2059/08,2059,8,0.00,0.00,0.00,0.00,1000.00,0.00,0.00,0.00,0.00,0.00,0.00,22813765.09,0.00,-27000.00,22861451.42
2059/09,2059,9,0.00,0.00,0.00,0.00,1000.00,0.00,0.00,0.00,0.00,0.00,0.00,22861451.42,0.00,-27000.00,22909293.86
2059/10,2059,10,0.00,0.00,0.00,0.00,1000.00,0.00,0.00,0.00,0.00,0.00,0.00,22909293.86,0.00,-27000.00,22957292.93
2059/11,2059,11,0.00,0.00,0.00,0.00,1000.00,0.00,0.00,0.00,0.00,0.00,0.00,22957292.93,0.00,-27000.00,23005449.13
2059/12,2059,12,0.00,0.00,0.00,0.00,1000.00,0.00,0.00,0.00,0.00,0.00,0.00,23005449.13,0.00,-82877.00,22997885.99
2060/01,2060,1,0.00,0.00,0.00,0.00,1000.00,0.00,0.00,0.00,0.00,0.00,0.00,22997885.99,0.00,-27000.00,23046175.08
2060/02,2060,2,0.00,0.00,0.00,0.00,2200.00,0.00,0.00,0.00,0.00,0.00,0.00,23046175.08,0.00,-28200.00,23093422.26
2060/03,2060,3,0.00,0.00,0.00,0.00,1000.00,0.00,0.00,0.00,0.00,0.00,0.00,23093422.26,0.00,-27000.00,23142024.12
2060/04,2060,4,0.00,0.00,0.00,0.00,1000.00,0.00,0.00,0.00,0.00,0.00,0.00,23142024.12,0.00,-27000.00,23190785.08
2060/05,2060,5,0.00,0.00,0.00,0.00,1000.00,0.00,0.00,0.00,0.00,0.00,0.00,23190785.08,0.00,-27000.00,23239705.68
2060/06,2060,6,0.00,0.00,0.00,0.00,1000.00,0.00,0.00,0.00,0.00,0.00,0.00,23239705.68,0.00,-27000.00,23288786.43
2060/07,2060,7,0.00,0.00,0.00,0.00,1000.00,0.00,0.00,0.00,0.00,0.00,0.00,23288786.43,0.00,-82877.00,23282150.85
2060/08,2060,8,0.00,0.00,0.00,0.00,1000.00,0.00,0.00,0.00,0.00,0.00,0.00,23282150.85,0.00,-27000.00,23331370.56
2060/09,2060,9,0.00,0.00,0.00,0.00,1000.00,0.00,0.00,0.00,0.00,0.00,0.00,23331370.56,0.00,-27000.00,23380751.39
2060/10,2060,10,0.00,0.00,0.00,0.00,1000.00,0.00,0.00,0.00,0.00,0.00,0.00,23380751.39,0.00,-27000.00,23430293.89
2060/11,2060,11,0.00,0.00,0.00,0.00,1000.00,0.00,0.00,0.00,0.00,0.00,0.00,23430293.89,0.00,-27000.00,23479998.57
2060/12,2060,12,0.00,0.00,0.00,0.00,1000.00,0.00,0.00,0.00,0.00,0.00,0.00,23479998.57,0.00,-82877.00,23473988.98
2061/01,2061,1,0.00,0.00,0.00,0.00,1000.00,0.00,0.00,0.00,0.00,0.00,0.00,23473988.98,0.00,-27000.00,23523836.71
2061/02,2061,2,0.00,0.00,0.00,0.00,2200.00,0.00,0.00,0.00,0.00,0.00,0.00,23523836.71,0.00,-28200.00,23572647.63
2061/03,2061,3,0.00,0.00,0.00,0.00,1000.00,0.00,0.00,0.00,0.00,0.00,0.00,23572647.63,0.00,-27000.00,23622818.35
2061/04,2061,4,0.00,0.00,0.00,0.00,1000.00,0.00,0.00,0.00,0.00,0.00,0.00,23622818.35,0.00,-27000.00,23673153.31
2061/05,2061,5,0.00,0.00,0.00,0.00,1000.00,0.00,0.00,0.00,0.00,0.00,0.00,23673153.31,0.00,-27000.00,23723653.05
2061/06,2061,6,0.00,0.00,0.00,0.00,1000.00,0.00,0.00,0.00,0.00,0.00,0.00,23723653.05,0.00,-27000.00,23774318.12
2061/07,2061,7,0.00,0.00,0.00,0.00,1000.00,0.00,0.00,0.00,0.00,0.00,0.00,23774318.12,0.00,-82877.00,23769272.05
2061/08,2061,8,0.00,0.00,0.00,0.00,1000.00,0.00,0.00,0.00,0.00,0.00,0.00,23769272.05,0.00,-27000.00,23820086.46
2061/09,2061,9,0.00,0.00,0.00,0.00,1000.00,0.00,0.00,0.00,0.00,0.00,0.00,23820086.46,0.00,-27000.00,23871067.22
2061/10,2061,10,0.00,0.00,0.00,0.00,1000.00,0.00,0.00,0.00,0.00,0.00,0.00,23871067.22,0.00,-27000.00,23922214.89
2061/11,2061,11,0.00,0.00,0.00,0.00,1000.00,0.00,0.00,0.00,0.00,0.00,0.00,23922214.89,0.00,-27000.00,23973529.99
2061/12,2061,12,0.00,0.00,0.00,0.00,1000.00,0.00,0.00,0.00,0.00,0.00,0.00,23973529.99,0.00,-82877.00,23969136.09
2062/01,2062,1,0.00,0.00,0.00,0.00,1000.00,0.00,0.00,0.00,0.00,0.00,0.00,23969136.09,0.00,-27000.00,24020604.81
2062/02,2062,2,0.00,0.00,0.00,0.00,2200.00,0.00,0.00,0.00,0.00,0.00,0.00,24020604.81,0.00,-28200.00,24071042.01
2062/03,2062,3,0.00,0.00,0.00,0.00,1000.00,0.00,0.00,0.00,0.00,0.00,0.00,24071042.01,0.00,-27000.00,24122844.34
2062/04,2062,4,0.00,0.00,0.00,0.00,1000.00,0.00,0.00,0.00,0.00,0.00,0.00,24122844.34,0.00,-27000.00,24174816.26
2062/05,2062,5,0.00,0.00,0.00,0.00,1000.00,0.00,0.00,0.00,0.00,0.00,0.00,24174816.26,0.00,-27000.00,24226958.32
2062/06,2062,6,0.00,0.00,0.00,0.00,1000.00,0.00,0.00,0.00,0.00,0.00,0.00,24226958.32,0.00,-27000.00,24279271.07
2062/07,2062,7,0.00,0.00,0.00,0.00,1000.00,0.00,0.00,0.00,0.00,0.00,0.00,24279271.07,0.00,-82877.00,24275878.09
2062/08,2062,8,0.00,0.00,0.00,0.00,1000.00,0.00,0.00,0.00,0.00,0.00,0.00,24275878.09,0.00,-27000.00,24328351.00
2062/09,2062,9,0.00,0.00,0.00,0.00,1000.00,0.00,0.00,0.00,0.00,0.00,0.00,24328351.00,0.00,-27000.00,24380995.69
2062/10,2062,10,0.00,0.00,0.00,0.00,1000.00,0.00,0.00,0.00,0.00,0.00,0.00,24380995.69,0.00,-27000.00,24433812.72
2062/11,2062,11,0.00,0.00,0.00,0.00,1000.00,0.00,0.00,0.00,0.00,0.00,0.00,24433812.72,0.00,-27000.00,24486802.67
2062/12,2062,12,0.00,0.00,0.00,0.00,1000.00,0.00,0.00,0.00,0.00,0.00,0.00,24486802.67,0.00,-82877.00,24484089.09
2063/01,2063,1,0.00,0.00,0.00,0.00,1000.00,0.00,0.00,0.00,0.00,0.00,0.00,24484089.09,0.00,-27000.00,24537243.62
2063/02,2063,2,0.00,0.00,0.00,0.00,2200.00,0.00,0.00,0.00,0.00,0.00,0.00,24537243.62,0.00,-28200.00,24589372.17
2063/03,2063,3,0.00,0.00,0.00,0.00,1000.00,0.00,0.00,0.00,0.00,0.00,0.00,24589372.17,0.00,-27000.00,24642871.38
2063/04,2063,4,0.00,0.00,0.00,0.00,1000.00,0.00,0.00,0.00,0.00,0.00,0.00,24642871.38,0.00,-27000.00,24696545.73
2063/05,2063,5,0.00,0.00,0.00,0.00,1000.00,0.00,0.00,0.00,0.00,0.00,0.00,24696545.73,0.00,-27000.00,24750395.79
2063/06,2063,6,0.00,0.00,0.00,0.00,1000.00,0.00,0.00,0.00,0.00,0.00,0.00,24750395.79,0.00,-27000.00,24804422.15
2063/07,2063,7,0.00,0.00,0.00,0.00,1000.00,0.00,0.00,0.00,0.00,0.00,0.00,24804422.15,0.00,-82877.00,24802748.37
2063/08,2063,8,0.00,0.00,0.00,0.00,1000.00,0.00,0.00,0.00,0.00,0.00,0.00,24802748.37,0.00,-27000.00,24856946.12
2063/09,2063,9,0.00,0.00,0.00,0.00,1000.00,0.00,0.00,0.00,0.00,0.00,0.00,24856946.12,0.00,-27000.00,24911321.29
2063/10,2063,10,0.00,0.00,0.00,0.00,1000.00,0.00,0.00,0.00,0.00,0.00,0.00,24911321.29,0.00,-27000.00,24965874.47
2063/11,2063,11,0.00,0.00,0.00,0.00,1000.00,0.00,0.00,0.00,0.00,0.00,0.00,24965874.47,0.00,-27000.00,25020606.25
2063/12,2063,12,0.00,0.00,0.00,0.00,1000.00,0.00,0.00,0.00,0.00,0.00,0.00,25020606.25,0.00,-82877.00,25019640.20
2064/01,2064,1,0.00,0.00,0.00,0.00,1000.00,0.00,0.00,0.00,0.00,0.00,0.00,25019640.20,0.00,-27000.00,25074547.99
2064/02,2064,2,0.00,0.00,0.00,0.00,2200.00,0.00,0.00,0.00,0.00,0.00,0.00,25074547.99,0.00,-28200.00,25128435.54
2064/03,2064,3,0.00,0.00,0.00,0.00,1000.00,0.00,0.00,0.00,0.00,0.00,0.00,25128435.54,0.00,-27000.00,25183699.50
2064/04,2064,4,0.00,0.00,0.00,0.00,1000.00,0.00,0.00,0.00,0.00,0.00,0.00,25183699.50,0.00,-27000.00,25239144.38
2064/05,2064,5,0.00,0.00,0.00,0.00,1000.00,0.00,0.00,0.00,0.00,0.00,0.00,25239144.38,0.00,-27000.00,25294770.77
2064/06,2064,6,0.00,0.00,0.00,0.00,1000.00,0.00,0.00,0.00,0.00,0.00,0.00,25294770.77,0.00,-27000.00,25350579.27
2064/07,2064,7,0.00,0.00,0.00,0.00,1000.00,0.00,0.00,0.00,0.00,0.00,0.00,25350579.27,0.00,-82877.00,25350693.47
2064/08,2064,8,0.00,0.00,0.00,0.00,1000.00,0.00,0.00,0.00,0.00,0.00,0.00,25350693.47,0.00,-27000.00,25406685.04
2064/09,2064,9,0.00,0.00,0.00,0.00,1000.00,0.00,0.00,0.00,0.00,0.00,0.00,25406685.04,0.00,-27000.00,25462859.91
2064/10,2064,10,0.00,0.00,0.00,0.00,1000.00,0.00,0.00,0.00,0.00,0.00,0.00,25462859.91,0.00,-27000.00,25519218.69
2064/11,2064,11,0.00,0.00,0.00,0.00,1000.00,0.00,0.00,0.00,0.00,0.00,0.00,25519218.69,0.00,-27000.00,25575761.97
2064/12,2064,12,0.00,0.00,0.00,0.00,1000.00,0.00,0.00,0.00,0.00,0.00,0.00,25575761.97,0.00,-82877.00,25576613.36
2065/01,2065,1,0.00,0.00,0.00,0.00,1000.00,0.00,0.00,0.00,0.00,0.00,0.00,25576613.36,0.00,-27000.00,25633344.54
2065/02,2065,2,0.00,0.00,0.00,0.00,2200.00,0.00,0.00,0.00,0.00,0.00,0.00,25633344.54,0.00,-28200.00,25689061.44
2065/03,2065,3,0.00,0.00,0.00,0.00,1000.00,0.00,0.00,0.00,0.00,0.00,0.00,25689061.44,0.00,-27000.00,25746160.74
2065/04,2065,4,0.00,0.00,0.00,0.00,1000.00,0.00,0.00,0.00,0.00,0.00,0.00,25746160.74,0.00,-27000.00,25803446.97
2065/05,2065,5,0.00,0.00,0.00,0.00,1000.00,0.00,0.00,0.00,0.00,0.00,0.00,25803446.97,0.00,-27000.00,25860920.74
2065/06,2065,6,0.00,0.00,0.00,0.00,1000.00,0.00,0.00,0.00,0.00,0.00,0.00,25860920.74,0.00,-27000.00,25918582.67
2065/07,2065,7,0.00,0.00,0.00,0.00,1000.00,0.00,0.00,0.00,0.00,0.00,0.00,25918582.67,0.00,-82877.00,25920556.36
2065/08,2065,8,0.00,0.00,0.00,0.00,1000.00,0.00,0.00,0.00,0.00,0.00,0.00,25920556.36,0.00,-27000.00,25978413.52
2065/09,2065,9,0.00,0.00,0.00,0.00,1000.00,0.00,0.00,0.00,0.00,0.00,0.00,25978413.52,0.00,-27000.00,26036460.09
2065/10,2065,10,0.00,0.00,0.00,0.00,1000.00,0.00,0.00,0.00,0.00,0.00,0.00,26036460.09,0.00,-27000.00,26094696.68
2065/11,2065,11,0.00,0.00,0.00,0.00,1000.00,0.00,0.00,0.00,0.00,0.00,0.00,26094696.68,0.00,-27000.00,26153123.93
2065/12,2065,12,0.00,0.00,0.00,0.00,1000.00,0.00,0.00,0.00,0.00,0.00,0.00,26153123.93,0.00,-82877.00,26155865.45
2066/01,2066,1,0.00,0.00,0.00,0.00,1000.00,0.00,0.00,0.00,0.00,0.00,0.00,26155865.45,0.00,-27000.00,26214492.95
2066/02,2066,2,0.00,0.00,0.00,0.00,2200.00,0.00,0.00,0.00,0.00,0.00,0.00,26214492.95,0.00,-28200.00,26272112.38
2066/03,2066,3,0.00,0.00,0.00,0.00,1000.00,0.00,0.00,0.00,0.00,0.00,0.00,26272112.38,0.00,-27000.00,26331120.44
2066/04,2066,4,0.00,0.00,0.00,0.00,1000.00,0.00,0.00,0.00,0.00,0.00,0.00,26331120.44,0.00,-27000.00,26390321.67
2066/05,2066,5,0.00,0.00,0.00,0.00,1000.00,0.00,0.00,0.00,0.00,0.00,0.00,26390321.67,0.00,-27000.00,26449716.72
2066/06,2066,6,0.00,0.00,0.00,0.00,1000.00,0.00,0.00,0.00,0.00,0.00,0.00,26449716.72,0.00,-27000.00,26509306.21
2066/07,2066,7,0.00,0.00,0.00,0.00,1000.00,0.00,0.00,0.00,0.00,0.00,0.00,26509306.21,0.00,-82877.00,26513213.78
2066/08,2066,8,0.00,0.00,0.00,0.00,1000.00,0.00,0.00,0.00,0.00,0.00,0.00,26513213.78,0.00,-27000.00,26573011.14
2066/09,2066,9,0.00,0.00,0.00,0.00,1000.00,0.00,0.00,0.00,0.00,0.00,0.00,26573011.14,0.00,-27000.00,26633004.26
2066/10,2066,10,0.00,0.00,0.00,0.00,1000.00,0.00,0.00,0.00,0.00,0.00,0.00,26633004.26,0.00,-27000.00,26693193.79
2066/11,2066,11,0.00,0.00,0.00,0.00,1000.00,0.00,0.00,0.00,0.00,0.00,0.00,26693193.79,0.00,-27000.00,26753580.36
2066/12,2066,12,0.00,0.00,0.00,0.00,1000.00,0.00,0.00,0.00,0.00,0.00,0.00,26753580.36,0.00,-82877.00,26758287.62
2067/01,2067,1,0.00,0.00,0.00,0.00,1000.00,0.00,0.00,0.00,0.00,0.00,0.00,26758287.62,0.00,-27000.00,26818887.29
2067/02,2067,2,0.00,0.00,0.00,0.00,2200.00,0.00,0.00,0.00,0.00,0.00,0.00,26818887.29,0.00,-28200.00,26878485.35
2067/03,2067,3,0.00,0.00,0.00,0.00,1000.00,0.00,0.00,0.00,0.00,0.00,0.00,26878485.35,0.00,-27000.00,26939478.52
2067/04,2067,4,0.00,0.00,0.00,0.00,1000.00,0.00,0.00,0.00,0.00,0.00,0.00,26939478.52,0.00,-27000.00,27000671.36
2067/05,2067,5,0.00,0.00,0.00,0.00,1000.00,0.00,0.00,0.00,0.00,0.00,0.00,27000671.36,0.00,-27000.00,27062064.53
2067/06,2067,6,0.00,0.00,0.00,0.00,1000.00,0.00,0.00,0.00,0.00,0.00,0.00,27062064.53,0.00,-27000.00,27123658.69
2067/07,2067,7,0.00,0.00,0.00,0.00,1000.00,0.00,0.00,0.00,0.00,0.00,0.00,27123658.69,0.00,-82877.00,27129577.49
2067/08,2067,8,0.00,0.00,0.00,0.00,1000.00,0.00,0.00,0.00,0.00,0.00,0.00,27129577.49,0.00,-27000.00,27191392.67
2067/09,2067,9,0.00,0.00,0.00,0.00,1000.00,0.00,0.00,0.00,0.00,0.00,0.00,27191392.67,0.00,-27000.00,27253410.21
2067/10,2067,10,0.00,0.00,0.00,0.00,1000.00,0.00,0.00,0.00,0.00,0.00,0.00,27253410.21,0.00,-27000.00,27315630.78
2067/11,2067,11,0.00,0.00,0.00,0.00,1000.00,0.00,0.00,0.00,0.00,0.00,0.00,27315630.78,0.00,-27000.00,27378055.05
2067/12,2067,12,0.00,0.00,0.00,0.00,1000.00,0.00,0.00,0.00,0.00,0.00,0.00,27378055.05,0.00,-82877.00,27384806.68
2068/01,2068,1,0.00,0.00,0.00,0.00,1000.00,0.00,0.00,0.00,0.00,0.00,0.00,27384806.68,0.00,-27000.00,27447457.41
2068/02,2068,2,0.00,0.00,0.00,0.00,2200.00,0.00,0.00,0.00,0.00,0.00,0.00,27447457.41,0.00,-28200.00,27509113.24
2068/03,2068,3,0.00,0.00,0.00,0.00,1000.00,0.00,0.00,0.00,0.00,0.00,0.00,27509113.24,0.00,-27000.00,27572170.92
2068/04,2068,4,0.00,0.00,0.00,0.00,1000.00,0.00,0.00,0.00,0.00,0.00,0.00,27572170.92,0.00,-27000.00,27635435.03
2068/05,2068,5,0.00,0.00,0.00,0.00,1000.00,0.00,0.00,0.00,0.00,0.00,0.00,27635435.03,0.00,-27000.00,27698906.26
2068/06,2068,6,0.00,0.00,0.00,0.00,1000.00,0.00,0.00,0.00,0.00,0.00,0.00,27698906.26,0.00,-27000.00,27762585.27
2068/07,2068,7,0.00,0.00,0.00,0.00,1000.00,0.00,0.00,0.00,0.00,0.00,0.00,27762585.27,0.00,-82877.00,27770595.75
2068/08,2068,8,0.00,0.00,0.00,0.00,1000.00,0.00,0.00,0.00,0.00,0.00,0.00,27770595.75,0.00,-27000.00,27834509.45
2068/09,2068,9,0.00,0.00,0.00,0.00,1000.00,0.00,0.00,0.00,0.00,0.00,0.00,27834509.45,0.00,-27000.00,27898632.39
2068/10,2068,10,0.00,0.00,0.00,0.00,1000.00,0.00,0.00,0.00,0.00,0.00,0.00,27898632.39,0.00,-27000.00,27962965.26
2068/11,2068,11,0.00,0.00,0.00,0.00,1000.00,0.00,0.00,0.00,0.00,0.00,0.00,27962965.26,0.00,-27000.00,28027508.73
2068/12,2068,12,0.00,0.00,0.00,0.00,1000.00,0.00,0.00,0.00,0.00,0.00,0.00,28027508.73,0.00,-82877.00,28036386.50
2069/01,2069,1,0.00,0.00,0.00,0.00,1000.00,0.00,0.00,0.00,0.00,0.00,0.00,28036386.50,0.00,-27000.00,28101170.33
2069/02,2069,2,0.00,0.00,0.00,0.00,2200.00,0.00,0.00,0.00,0.00,0.00,0.00,28101170.33,0.00,-28200.00,28164966.25
2069/03,2069,3,0.00,0.00,0.00,0.00,1000.00,0.00,0.00,0.00,0.00,0.00,0.00,28164966.25,0.00,-27000.00,28230171.02
2069/04,2069,4,0.00,0.00,0.00,0.00,1000.00,0.00,0.00,0.00,0.00,0.00,0.00,28230171.02,0.00,-27000.00,28295589.26
2069/05,2069,5,0.00,0.00,0.00,0.00,1000.00,0.00,0.00,0.00,0.00,0.00,0.00,28295589.26,0.00,-27000.00,28361221.65
2069/06,2069,6,0.00,0.00,0.00,0.00,1000.00,0.00,0.00,0.00,0.00,0.00,0.00,28361221.65,0.00,-27000.00,28427068.91
2069/07,2069,7,0.00,0.00,0.00,0.00,1000.00,0.00,0.00,0.00,0.00,0.00,0.00,28427068.91,0.00,-82877.00,28437254.74
2069/08,2069,8,0.00,0.00,0.00,0.00,1000.00,0.00,0.00,0.00,0.00,0.00,0.00,28437254.74,0.00,-27000.00,28503350.91
2069/09,2069,9,0.00,0.00,0.00,0.00,1000.00,0.00,0.00,0.00,0.00,0.00,0.00,28503350.91,0.00,-27000.00,28569663.46
2069/10,2069,10,0.00,0.00,0.00,0.00,1000.00,0.00,0.00,0.00,0.00,0.00,0.00,28569663.46,0.00,-27000.00,28636193.11
2069/11,2069,11,0.00,0.00,0.00,0.00,1000.00,0.00,0.00,0.00,0.00,0.00,0.00,28636193.11,0.00,-27000.00,28702940.55
2069/12,2069,12,0.00,0.00,0.00,0.00,1000.00,0.00,0.00,0.00,0.00,0.00,0.00,28702940.55,0.00,-82877.00,28714029.51
2070/01,2070,1,0.00,0.00,0.00,0.00,1000.00,0.00,0.00,0.00,0.00,0.00,0.00,28714029.51,0.00,-27000.00,28781031.77
2070/02,2070,2,0.00,0.00,0.00,0.00,2200.00,0.00,0.00,0.00,0.00,0.00,0.00,28781031.77,0.00,-28200.00,28847053.38
2070/03,2070,3,0.00,0.00,0.00,0.00,1000.00,0.00,0.00,0.00,0.00,0.00,0.00,28847053.38,0.00,-27000.00,28914491.13
2070/04,2070,4,0.00,0.00,0.00,0.00,1000.00,0.00,0.00,0.00,0.00,0.00,0.00,28914491.13,0.00,-27000.00,28982149.65
2070/05,2070,5,0.00,0.00,0.00,0.00,1000.00,0.00,0.00,0.00,0.00,0.00,0.00,28982149.65,0.00,-27000.00,29050029.66
2070/06,2070,6,0.00,0.00,0.00,0.00,1000.00,0.00,0.00,0.00,0.00,0.00,0.00,29050029.66,0.00,-27000.00,29118131.90
2070/07,2070,7,0.00,0.00,0.00,0.00,1000.00,0.00,0.00,0.00,0.00,0.00,0.00,29118131.90,0.00,-82877.00,29130580.09
2070/08,2070,8,0.00,0.00,0.00,0.00,1000.00,0.00,0.00,0.00,0.00,0.00,0.00,29130580.09,0.00,-27000.00,29198946.03
2070/09,2070,9,0.00,0.00,0.00,0.00,1000.00,0.00,0.00,0.00,0.00,0.00,0.00,29198946.03,0.00,-27000.00,29267535.78
2070/10,2070,10,0.00,0.00,0.00,0.00,1000.00,0.00,0.00,0.00,0.00,0.00,0.00,29267535.78,0.00,-27000.00,29336350.07
2070/11,2070,11,0.00,0.00,0.00,0.00,1000.00,0.00,0.00,0.00,0.00,0.00,0.00,29336350.07,0.00,-27000.00,29405389.65
2070/12,2070,12,0.00,0.00,0.00,0.00,1000.00,0.00,0.00,0.00,0.00,0.00,0.00,29405389.65,0.00,-82877.00,29418778.24
2071/01,2071,1,0.00,0.00,0.00,0.00,1000.00,0.00,0.00,0.00,0.00,0.00,0.00,29418778.24,0.00,-27000.00,29488087.67
2071/02,2071,2,0.00,0.00,0.00,0.00,2200.00,0.00,0.00,0.00,0.00,0.00,0.00,29488087.67,0.00,-28200.00,29556423.99
2071/03,2071,3,0.00,0.00,0.00,0.00,1000.00,0.00,0.00,0.00,0.00,0.00,0.00,29556423.99,0.00,-27000.00,29626184.03
2071/04,2071,4,0.00,0.00,0.00,0.00,1000.00,0.00,0.00,0.00,0.00,0.00,0.00,29626184.03,0.00,-27000.00,29696172.45
2071/05,2071,5,0.00,0.00,0.00,0.00,1000.00,0.00,0.00,0.00,0.00,0.00,0.00,29696172.45,0.00,-27000.00,29766389.99
2071/06,2071,6,0.00,0.00,0.00,0.00,1000.00,0.00,0.00,0.00,0.00,0.00,0.00,29766389.99,0.00,-27000.00,29836837.41
2071/07,2071,7,0.00,0.00,0.00,0.00,1000.00,0.00,0.00,0.00,0.00,0.00,0.00,29836837.41,0.00,-82877.00,29851638.45
2071/08,2071,8,0.00,0.00,0.00,0.00,1000.00,0.00,0.00,0.00,0.00,0.00,0.00,29851638.45,0.00,-27000.00,29922364.95
2071/09,2071,9,0.00,0.00,0.00,0.00,1000.00,0.00,0.00,0.00,0.00,0.00,0.00,29922364.95,0.00,-27000.00,29993322.98
2071/10,2071,10,0.00,0.00,0.00,0.00,1000.00,0.00,0.00,0.00,0.00,0.00,0.00,29993322.98,0.00,-27000.00,30064513.32
2071/11,2071,11,0.00,0.00,0.00,0.00,1000.00,0.00,0.00,0.00,0.00,0.00,0.00,30064513.32,0.00,-27000.00,30135936.71
2071/12,2071,12,0.00,0.00,0.00,0.00,1000.00,0.00,0.00,0.00,0.00,0.00,0.00,30135936.71,0.00,-82877.00,30151716.92
2072/01,2072,1,0.00,0.00,0.00,0.00,1000.00,0.00,0.00,0.00,0.00,0.00,0.00,30151716.92,0.00,-27000.00,30223425.80
2072/02,2072,2,0.00,0.00,0.00,0.00,2200.00,0.00,0.00,0.00,0.00,0.00,0.00,30223425.80,0.00,-28200.00,30294169.43
2072/03,2072,3,0.00,0.00,0.00,0.00,1000.00,0.00,0.00,0.00,0.00,0.00,0.00,30294169.43,0.00,-27000.00,30366344.66
2072/04,2072,4,0.00,0.00,0.00,0.00,1000.00,0.00,0.00,0.00,0.00,0.00,0.00,30366344.66,0.00,-27000.00,30438756.17
2072/05,2072,5,0.00,0.00,0.00,0.00,1000.00,0.00,0.00,0.00,0.00,0.00,0.00,30438756.17,0.00,-27000.00,30511404.74
2072/06,2072,6,0.00,0.00,0.00,0.00,1000.00,0.00,0.00,0.00,0.00,0.00,0.00,30511404.74,0.00,-27000.00,30584291.14
2072/07,2072,7,0.00,0.00,0.00,0.00,1000.00,0.00,0.00,0.00,0.00,0.00,0.00,30584291.14,0.00,-82877.00,30601539.15
2072/08,2072,8,0.00,0.00,0.00,0.00,1000.00,0.00,0.00,0.00,0.00,0.00,0.00,30601539.15,0.00,-27000.00,30674720.62
2072/09,2072,9,0.00,0.00,0.00,0.00,1000.00,0.00,0.00,0.00,0.00,0.00,0.00,30674720.62,0.00,-27000.00,30748141.68
2072/10,2072,10,0.00,0.00,0.00,0.00,1000.00,0.00,0.00,0.00,0.00,0.00,0.00,30748141.68,0.00,-27000.00,30821803.09
2072/11,2072,11,0.00,0.00,0.00,0.00,1000.00,0.00,0.00,0.00,0.00,0.00,0.00,30821803.09,0.00,-27000.00,30895705.65
2072/12,2072,12,0.00,0.00,0.00,0.00,1000.00,0.00,0.00,0.00,0.00,0.00,0.00,30895705.65,0.00,-82877.00,30913973.15
2073/01,2073,1,0.00,0.00,0.00,0.00,1000.00,0.00,0.00,0.00,0.00,0.00,0.00,30913973.15,0.00,-27000.00,30988177.46
2073/02,2073,2,0.00,0.00,0.00,0.00,2200.00,0.00,0.00,0.00,0.00,0.00,0.00,30988177.46,0.00,-28200.00,31061424.69
2073/03,2073,3,0.00,0.00,0.00,0.00,1000.00,0.00,0.00,0.00,0.00,0.00,0.00,31061424.69,0.00,-27000.00,31136111.71
2073/04,2073,4,0.00,0.00,0.00,0.00,1000.00,0.00,0.00,0.00,0.00,0.00,0.00,31136111.71,0.00,-27000.00,31211043.24
2073/05,2073,5,0.00,0.00,0.00,0.00,1000.00,0.00,0.00,0.00,0.00,0.00,0.00,31211043.24,0.00,-27000.00,31286220.07
2073/06,2073,6,0.00,0.00,0.00,0.00,1000.00,0.00,0.00,0.00,0.00,0.00,0.00,31286220.07,0.00,-27000.00,31361643.01
2073/07,2073,7,0.00,0.00,0.00,0.00,1000.00,0.00,0.00,0.00,0.00,0.00,0.00,31361643.01,0.00,-82877.00,31381435.87
2073/08,2073,8,0.00,0.00,0.00,0.00,1000.00,0.00,0.00,0.00,0.00,0.00,0.00,31381435.87,0.00,-27000.00,31457170.53
2073/09,2073,9,0.00,0.00,0.00,0.00,1000.00,0.00,0.00,0.00,0.00,0.00,0.00,31457170.53,0.00,-27000.00,31533153.12
2073/10,2073,10,0.00,0.00,0.00,0.00,1000.00,0.00,0.00,0.00,0.00,0.00,0.00,31533153.12,0.00,-27000.00,31609384.46
2073/11,2073,11,0.00,0.00,0.00,0.00,1000.00,0.00,0.00,0.00,0.00,0.00,0.00,31609384.46,0.00,-27000.00,31685865.36
2073/12,2073,12,0.00,0.00,0.00,0.00,1000.00,0.00,0.00,0.00,0.00,0.00,0.00,31685865.36,0.00,-82877.00,31706719.63
2074/01,2074,1,0.00,0.00,0.00,0.00,1000.00,0.00,0.00,0.00,0.00,0.00,0.00,31706719.63,0.00,-27000.00,31783519.18
2074/02,2074,2,0.00,0.00,0.00,0.00,2200.00,0.00,0.00,0.00,0.00,0.00,0.00,31783519.18,0.00,-28200.00,31859370.15
2074/03,2074,3,0.00,0.00,0.00,0.00,1000.00,0.00,0.00,0.00,0.00,0.00,0.00,31859370.15,0.00,-27000.00,31936669.44
2074/04,2074,4,0.00,0.00,0.00,0.00,1000.00,0.00,0.00,0.00,0.00,0.00,0.00,31936669.44,0.00,-27000.00,32014221.79
2074/05,2074,5,0.00,0.00,0.00,0.00,1000.00,0.00,0.00,0.00,0.00,0.00,0.00,32014221.79,0.00,-27000.00,32092028.02
2074/06,2074,6,0.00,0.00,0.00,0.00,1000.00,0.00,0.00,0.00,0.00,0.00,0.00,32092028.02,0.00,-27000.00,32170088.97
2074/07,2074,7,0.00,0.00,0.00,0.00,1000.00,0.00,0.00,0.00,0.00,0.00,0.00,32170088.97,0.00,-82877.00,32192528.47
2074/08,2074,8,0.00,0.00,0.00,0.00,1000.00,0.00,0.00,0.00,0.00,0.00,0.00,32192528.47,0.00,-27000.00,32270918.43
2074/09,2074,9,0.00,0.00,0.00,0.00,1000.00,0.00,0.00,0.00,0.00,0.00,0.00,32270918.43,0.00,-27000.00,32349565.02
2074/10,2074,10,0.00,0.00,0.00,0.00,1000.00,0.00,0.00,0.00,0.00,0.00,0.00,32349565.02,0.00,-27000.00,32428469.08
2074/11,2074,11,0.00,0.00,0.00,0.00,1000.00,0.00,0.00,0.00,0.00,0.00,0.00,32428469.08,0.00,-27000.00,32507631.44
2074/12,2074,12,0.00,0.00,0.00,0.00,1000.00,0.00,0.00,0.00,0.00,0.00,0.00,32507631.44,0.00,-82877.00,32531175.97
2075/01,2075,1,0.00,0.00,0.00,0.00,1000.00,0.00,0.00,0.00,0.00,0.00,0.00,32531175.97,0.00,-27000.00,32610674.58
2075/02,2075,2,0.00,0.00,0.00,0.00,2200.00,0.00,0.00,0.00,0.00,0.00,0.00,32610674.58,0.00,-28200.00,32689233.44
2075/03,2075,3,0.00,0.00,0.00,0.00,1000.00,0.00,0.00,0.00,0.00,0.00,0.00,32689233.44,0.00,-27000.00,32769249.48
2075/04,2075,4,0.00,0.00,0.00,0.00,1000.00,0.00,0.00,0.00,0.00,0.00,0.00,32769249.48,0.00,-27000.00,32849527.48
2075/05,2075,5,0.00,0.00,0.00,0.00,1000.00,0.00,0.00,0.00,0.00,0.00,0.00,32849527.48,0.00,-27000.00,32930068.28
2075/06,2075,6,0.00,0.00,0.00,0.00,1000.00,0.00,0.00,0.00,0.00,0.00,0.00,32930068.28,0.00,-27000.00,33010872.76
2075/07,2075,7,0.00,0.00,0.00,0.00,1000.00,0.00,0.00,0.00,0.00,0.00,0.00,33010872.76,0.00,-82877.00,33036064.77
2075/08,2075,8,0.00,0.00,0.00,0.00,1000.00,0.00,0.00,0.00,0.00,0.00,0.00,33036064.77,0.00,-27000.00,33117216.24
2075/09,2075,9,0.00,0.00,0.00,0.00,1000.00,0.00,0.00,0.00,0.00,0.00,0.00,33117216.24,0.00,-27000.00,33198633.39
2075/10,2075,10,0.00,0.00,0.00,0.00,1000.00,0.00,0.00,0.00,0.00,0.00,0.00,33198633.39,0.00,-27000.00,33280317.08
2075/11,2075,11,0.00,0.00,0.00,0.00,1000.00,0.00,0.00,0.00,0.00,0.00,0.00,33280317.08,0.00,-27000.00,33362268.18
2075/12,2075,12,0.00,0.00,0.00,0.00,1000.00,0.00,0.00,0.00,0.00,0.00,0.00,33362268.18,0.00,-82877.00,33388610.56
2076/01,2076,1,0.00,0.00,0.00,0.00,1000.00,0.00,0.00,0.00,0.00,0.00,0.00,33388610.56,0.00,-27000.00,33470916.18
2076/02,2076,2,0.00,0.00,0.00,0.00,2200.00,0.00,0.00,0.00,0.00,0.00,0.00,33470916.18,0.00,-28200.00,33552291.25
2076/03,2076,3,0.00,0.00,0.00,0.00,1000.00,0.00,0.00,0.00,0.00,0.00,0.00,33552291.25,0.00,-27000.00,33635132.73
2076/04,2076,4,0.00,0.00,0.00,0.00,1000.00,0.00,0.00,0.00,0.00,0.00,0.00,33635132.73,0.00,-27000.00,33718245.40
2076/05,2076,5,0.00,0.00,0.00,0.00,1000.00,0.00,0.00,0.00,0.00,0.00,0.00,33718245.40,0.00,-27000.00,33801630.16
2076/06,2076,6,0.00,0.00,0.00,0.00,1000.00,0.00,0.00,0.00,0.00,0.00,0.00,33801630.16,0.00,-27000.00,33885287.90
2076/07,2076,7,0.00,0.00,0.00,0.00,1000.00,0.00,0.00,0.00,0.00,0.00,0.00,33885287.90,0.00,-82877.00,33913342.52
2076/08,2076,8,0.00,0.00,0.00,0.00,1000.00,0.00,0.00,0.00,0.00,0.00,0.00,33913342.52,0.00,-27000.00,33997365.97
2076/09,2076,9,0.00,0.00,0.00,0.00,1000.00,0.00,0.00,0.00,0.00,0.00,0.00,33997365.97,0.00,-27000.00,34081664.50
2076/10,2076,10,0.00,0.00,0.00,0.00,1000.00,0.00,0.00,0.00,0.00,0.00,0.00,34081664.50,0.00,-27000.00,34166239.00
2076/11,2076,11,0.00,0.00,0.00,0.00,1000.00,0.00,0.00,0.00,0.00,0.00,0.00,34166239.00,0.00,-27000.00,34251090.38
2076/12,2076,12,0.00,0.00,0.00,0.00,1000.00,0.00,0.00,0.00,0.00,0.00,0.00,34251090.38,0.00,-82877.00,34280342.54
2077/01,2077,1,0.00,0.00,0.00,0.00,1000.00,0.00,0.00,0.00,0.00,0.00,0.00,34280342.54,0.00,-27000.00,34365567.46
2077/02,2077,2,0.00,0.00,0.00,0.00,2200.00,0.00,0.00,0.00,0.00,0.00,0.00,34365567.46,0.00,-28200.00,34449871.38
2077/03,2077,3,0.00,0.00,0.00,0.00,1000.00,0.00,0.00,0.00,0.00,0.00,0.00,34449871.38,0.00,-27000.00,34535651.30
2077/04,2077,4,0.00,0.00,0.00,0.00,1000.00,0.00,0.00,0.00,0.00,0.00,0.00,34535651.30,0.00,-27000.00,34621712.03
2077/05,2077,5,0.00,0.00,0.00,0.00,1000.00,0.00,0.00,0.00,0.00,0.00,0.00,34621712.03,0.00,-27000.00,34708054.51
2077/06,2077,6,0.00,0.00,0.00,0.00,1000.00,0.00,0.00,0.00,0.00,0.00,0.00,34708054.51,0.00,-27000.00,34794679.65
2077/07,2077,7,0.00,0.00,0.00,0.00,1000.00,0.00,0.00,0.00,0.00,0.00,0.00,34794679.65,0.00,-82877.00,34825711.38
2077/08,2077,8,0.00,0.00,0.00,0.00,1000.00,0.00,0.00,0.00,0.00,0.00,0.00,34825711.38,0.00,-27000.00,34912721.69
2077/09,2077,9,0.00,0.00,0.00,0.00,1000.00,0.00,0.00,0.00,0.00,0.00,0.00,34912721.69,0.00,-27000.00,35000016.86
2077/10,2077,10,0.00,0.00,0.00,0.00,1000.00,0.00,0.00,0.00,0.00,0.00,0.00,35000016.86,0.00,-27000.00,35087597.81
2077/11,2077,11,0.00,0.00,0.00,0.00,1000.00,0.00,0.00,0.00,0.00,0.00,0.00,35087597.81,0.00,-27000.00,35175465.47
2077/12,2077,12,0.00,0.00,0.00,0.00,1000.00,0.00,0.00,0.00,0.00,0.00,0.00,35175465.47,0.00,-82877.00,35207743.79
2078/01,2078,1,0.00,0.00,0.00,0.00,1000.00,0.00,0.00,0.00,0.00,0.00,0.00,35207743.79,0.00,-27000.00,35296004.78
2078/02,2078,2,0.00,0.00,0.00,0.00,2200.00,0.00,0.00,0.00,0.00,0.00,0.00,35296004.78,0.00,-28200.00,35383354.72
2078/03,2078,3,0.00,0.00,0.00,0.00,1000.00,0.00,0.00,0.00,0.00,0.00,0.00,35383354.72,0.00,-27000.00,35472190.61
2078/04,2078,4,0.00,0.00,0.00,0.00,1000.00,0.00,0.00,0.00,0.00,0.00,0.00,35472190.61,0.00,-27000.00,35561317.34
2078/05,2078,5,0.00,0.00,0.00,0.00,1000.00,0.00,0.00,0.00,0.00,0.00,0.00,35561317.34,0.00,-27000.00,35650735.83
2078/06,2078,6,0.00,0.00,0.00,0.00,1000.00,0.00,0.00,0.00,0.00,0.00,0.00,35650735.83,0.00,-27000.00,35740447.07
2078/07,2078,7,0.00,0.00,0.00,0.00,1000.00,0.00,0.00,0.00,0.00,0.00,0.00,35740447.07,0.00,-82877.00,35774574.99
2078/08,2078,8,0.00,0.00,0.00,0.00,1000.00,0.00,0.00,0.00,0.00,0.00,0.00,35774574.99,0.00,-27000.00,35864691.64
2078/09,2078,9,0.00,0.00,0.00,0.00,1000.00,0.00,0.00,0.00,0.00,0.00,0.00,35864691.64,0.00,-27000.00,35955103.31
2078/10,2078,10,0.00,0.00,0.00,0.00,1000.00,0.00,0.00,0.00,0.00,0.00,0.00,35955103.31,0.00,-27000.00,36045810.96
2078/11,2078,11,0.00,0.00,0.00,0.00,1000.00,0.00,0.00,0.00,0.00,0.00,0.00,36045810.96,0.00,-27000.00,36136815.56
2078/12,2078,12,0.00,0.00,0.00,0.00,1000.00,0.00,0.00,0.00,0.00,0.00,0.00,36136815.56,0.00,-82877.00,36172241.10
2079/01,2079,1,0.00,0.00,0.00,0.00,1000.00,0.00,0.00,0.00,0.00,0.00,0.00,36172241.10,0.00,-27000.00,36263659.60
2079/02,2079,2,0.00,0.00,0.00,0.00,2200.00,0.00,0.00,0.00,0.00,0.00,0.00,36263659.60,0.00,-28200.00,36354177.38
2079/03,2079,3,0.00,0.00,0.00,0.00,1000.00,0.00,0.00,0.00,0.00,0.00,0.00,36354177.38,0.00,-27000.00,36446191.50
2079/04,2079,4,0.00,0.00,0.00,0.00,1000.00,0.00,0.00,0.00,0.00,0.00,0.00,36446191.50,0.00,-27000.00,36538506.85
2079/05,2079,5,0.00,0.00,0.00,0.00,1000.00,0.00,0.00,0.00,0.00,0.00,0.00,36538506.85,0.00,-27000.00,36631124.41
2079/06,2079,6,0.00,0.00,0.00,0.00,1000.00,0.00,0.00,0.00,0.00,0.00,0.00,36631124.41,0.00,-27000.00,36724045.18
2079/07,2079,7,0.00,0.00,0.00,0.00,1000.00,0.00,0.00,0.00,0.00,0.00,0.00,36724045.18,0.00,-82877.00,36761393.15
2079/08,2079,8,0.00,0.00,0.00,0.00,1000.00,0.00,0.00,0.00,0.00,0.00,0.00,36761393.15,0.00,-27000.00,36854740.38
2079/09,2079,9,0.00,0.00,0.00,0.00,1000.00,0.00,0.00,0.00,0.00,0.00,0.00,36854740.38,0.00,-27000.00,36948393.21
2079/10,2079,10,0.00,0.00,0.00,0.00,1000.00,0.00,0.00,0.00,0.00,0.00,0.00,36948393.21,0.00,-27000.00,37042352.64
2079/11,2079,11,0.00,0.00,0.00,0.00,1000.00,0.00,0.00,0.00,0.00,0.00,0.00,37042352.64,0.00,-27000.00,37136619.66
2079/12,2079,12,0.00,0.00,0.00,0.00,1000.00,0.00,0.00,0.00,0.00,0.00,0.00,37136619.66,0.00,-82877.00,37175318.29
2080/01,2080,1,0.00,0.00,0.00,0.00,1000.00,0.00,0.00,0.00,0.00,0.00,0.00,37175318.29,0.00,-27000.00,37270020.61
2080/02,2080,2,0.00,0.00,0.00,0.00,2200.00,0.00,0.00,0.00,0.00,0.00,0.00,37270020.61,0.00,-28200.00,37363832.96
2080/03,2080,3,0.00,0.00,0.00,0.00,1000.00,0.00,0.00,0.00,0.00,0.00,0.00,37363832.96,0.00,-27000.00,37459152.43
2080/04,2080,4,0.00,0.00,0.00,0.00,1000.00,0.00,0.00,0.00,0.00,0.00,0.00,37459152.43,0.00,-27000.00,37554783.94
2080/05,2080,5,0.00,0.00,0.00,0.00,1000.00,0.00,0.00,0.00,0.00,0.00,0.00,37554783.94,0.00,-27000.00,37650728.53
2080/06,2080,6,0.00,0.00,0.00,0.00,1000.00,0.00,0.00,0.00,0.00,0.00,0.00,37650728.53,0.00,-27000.00,37746987.22
2080/07,2080,7,0.00,0.00,0.00,0.00,1000.00,0.00,0.00,0.00,0.00,0.00,0.00,37746987.22,0.00,-82877.00,37787684.03
2080/08,2080,8,0.00,0.00,0.00,0.00,1000.00,0.00,0.00,0.00,0.00,0.00,0.00,37787684.03,0.00,-27000.00,37884391.08
2080/09,2080,9,0.00,0.00,0.00,0.00,1000.00,0.00,0.00,0.00,0.00,0.00,0.00,37884391.08,0.00,-27000.00,37981414.72
2080/10,2080,10,0.00,0.00,0.00,0.00,1000.00,0.00,0.00,0.00,0.00,0.00,0.00,37981414.72,0.00,-27000.00,38078755.99
2080/11,2080,11,0.00,0.00,0.00,0.00,1000.00,0.00,0.00,0.00,0.00,0.00,0.00,38078755.99,0.00,-27000.00,38176415.92
2080/12,2080,12,0.00,0.00,0.00,0.00,1000.00,0.00,0.00,0.00,0.00,0.00,0.00,38176415.92,0.00,-82877.00,38218518.58
2081/01,2081,1,0.00,0.00,0.00,0.00,1000.00,0.00,0.00,0.00,0.00,0.00,0.00,38218518.58,0.00,-27000.00,38316636.06
2081/02,2081,2,0.00,0.00,0.00,0.00,2200.00,0.00,0.00,0.00,0.00,0.00,0.00,38316636.06,0.00,-28200.00,38413874.76
2081/03,2081,3,0.00,0.00,0.00,0.00,1000.00,0.00,0.00,0.00,0.00,0.00,0.00,38413874.76,0.00,-27000.00,38512631.79
2081/04,2081,4,0.00,0.00,0.00,0.00,1000.00,0.00,0.00,0.00,0.00,0.00,0.00,38512631.79,0.00,-27000.00,38611712.12
2081/05,2081,5,0.00,0.00,0.00,0.00,1000.00,0.00,0.00,0.00,0.00,0.00,0.00,38611712.12,0.00,-27000.00,38711116.82
2081/06,2081,6,0.00,0.00,0.00,0.00,1000.00,0.00,0.00,0.00,0.00,0.00,0.00,38711116.82,0.00,-27000.00,38810846.94
2081/07,2081,7,0.00,0.00,0.00,0.00,1000.00,0.00,0.00,0.00,0.00,0.00,0.00,38810846.94,0.00,-82877.00,38855026.56
2081/08,2081,8,0.00,0.00,0.00,0.00,1000.00,0.00,0.00,0.00,0.00,0.00,0.00,38855026.56,0.00,-27000.00,38955227.80
2081/09,2081,9,0.00,0.00,0.00,0.00,1000.00,0.00,0.00,0.00,0.00,0.00,0.00,38955227.80,0.00,-27000.00,39055757.08
2081/10,2081,10,0.00,0.00,0.00,0.00,1000.00,0.00,0.00,0.00,0.00,0.00,0.00,39055757.08,0.00,-27000.00,39156615.47
2081/11,2081,11,0.00,0.00,0.00,0.00,1000.00,0.00,0.00,0.00,0.00,0.00,0.00,39156615.47,0.00,-27000.00,39257804.04
2081/12,2081,12,0.00,0.00,0.00,0.00,1000.00,0.00,0.00,0.00,0.00,0.00,0.00,39257804.04,0.00,-82877.00,39303446.87
2082/01,2082,1,0.00,0.00,0.00,0.00,1000.00,0.00,0.00,0.00,0.00,0.00,0.00,39303446.87,0.00,-27000.00,39405116.13
2082/02,2082,2,0.00,0.00,0.00,0.00,2200.00,0.00,0.00,0.00,0.00,0.00,0.00,39405116.13,0.00,-28200.00,39505918.22
2082/03,2082,3,0.00,0.00,0.00,0.00,1000.00,0.00,0.00,0.00,0.00,0.00,0.00,39505918.22,0.00,-27000.00,39608250.32
2082/04,2082,4,0.00,0.00,0.00,0.00,1000.00,0.00,0.00,0.00,0.00,0.00,0.00,39608250.32,0.00,-27000.00,39710917.43
2082/05,2082,5,0.00,0.00,0.00,0.00,1000.00,0.00,0.00,0.00,0.00,0.00,0.00,39710917.43,0.00,-27000.00,39813920.64
2082/06,2082,6,0.00,0.00,0.00,0.00,1000.00,0.00,0.00,0.00,0.00,0.00,0.00,39813920.64,0.00,-27000.00,39917261.05
2082/07,2082,7,0.00,0.00,0.00,0.00,1000.00,0.00,0.00,0.00,0.00,0.00,0.00,39917261.05,0.00,-82877.00,39965062.78
2082/08,2082,8,0.00,0.00,0.00,0.00,1000.00,0.00,0.00,0.00,0.00,0.00,0.00,39965062.78,0.00,-27000.00,40068897.99
2082/09,2082,9,0.00,0.00,0.00,0.00,1000.00,0.00,0.00,0.00,0.00,0.00,0.00,40068897.99,0.00,-27000.00,40173073.14
2082/10,2082,10,0.00,0.00,0.00,0.00,1000.00,0.00,0.00,0.00,0.00,0.00,0.00,40173073.14,0.00,-27000.00,40277589.33
2082/11,2082,11,0.00,0.00,0.00,0.00,1000.00,0.00,0.00,0.00,0.00,0.00,0.00,40277589.33,0.00,-27000.00,40382447.67
2082/12,2082,12,0.00,0.00,0.00,0.00,1000.00,0.00,0.00,0.00,0.00,0.00,0.00,40382447.67,0.00,-82877.00,40431772.30
2083/01,2083,1,0.00,0.00,0.00,0.00,1000.00,0.00,0.00,0.00,0.00,0.00,0.00,40431772.30,0.00,-27000.00,40537135.40
2083/02,2083,2,0.00,0.00,0.00,0.00,2200.00,0.00,0.00,0.00,0.00,0.00,0.00,40537135.40,0.00,-28200.00,40641643.43
2083/03,2083,3,0.00,0.00,0.00,0.00,1000.00,0.00,0.00,0.00,0.00,0.00,0.00,40641643.43,0.00,-27000.00,40747693.60
2083/04,2083,4,0.00,0.00,0.00,0.00,1000.00,0.00,0.00,0.00,0.00,0.00,0.00,40747693.60,0.00,-27000.00,40854090.94
2083/05,2083,5,0.00,0.00,0.00,0.00,1000.00,0.00,0.00,0.00,0.00,0.00,0.00,40854090.94,0.00,-27000.00,40960836.61
2083/06,2083,6,0.00,0.00,0.00,0.00,1000.00,0.00,0.00,0.00,0.00,0.00,0.00,40960836.61,0.00,-27000.00,41067931.73
2083/07,2083,7,0.00,0.00,0.00,0.00,1000.00,0.00,0.00,0.00,0.00,0.00,0.00,41067931.73,0.00,-82877.00,41119500.45
2083/08,2083,8,0.00,0.00,0.00,0.00,1000.00,0.00,0.00,0.00,0.00,0.00,0.00,41119500.45,0.00,-27000.00,41227114.99
2083/09,2083,9,0.00,0.00,0.00,0.00,1000.00,0.00,0.00,0.00,0.00,0.00,0.00,41227114.99,0.00,-27000.00,41335081.84
2083/10,2083,10,0.00,0.00,0.00,0.00,1000.00,0.00,0.00,0.00,0.00,0.00,0.00,41335081.84,0.00,-27000.00,41443402.14
2083/11,2083,11,0.00,0.00,0.00,0.00,1000.00,0.00,0.00,0.00,0.00,0.00,0.00,41443402.14,0.00,-27000.00,41552077.06
2083/12,2083,12,0.00,0.00,0.00,0.00,1000.00,0.00,0.00,0.00,0.00,0.00,0.00,41552077.06,0.00,-82877.00,41605230.74
2084/01,2084,1,0.00,0.00,0.00,0.00,1000.00,0.00,0.00,0.00,0.00,0.00,0.00,41605230.74,0.00,-27000.00,41714435.44
2084/02,2084,2,0.00,0.00,0.00,0.00,2200.00,0.00,0.00,0.00,0.00,0.00,0.00,41714435.44,0.00,-28200.00,41822797.65
2084/03,2084,3,0.00,0.00,0.00,0.00,1000.00,0.00,0.00,0.00,0.00,0.00,0.00,41822797.65,0.00,-27000.00,41932714.61
2084/04,2084,4,0.00,0.00,0.00,0.00,1000.00,0.00,0.00,0.00,0.00,0.00,0.00,41932714.61,0.00,-27000.00,42042991.40
2084/05,2084,5,0.00,0.00,0.00,0.00,1000.00,0.00,0.00,0.00,0.00,0.00,0.00,42042991.40,0.00,-27000.00,42153629.21
2084/06,2084,6,0.00,0.00,0.00,0.00,1000.00,0.00,0.00,0.00,0.00,0.00,0.00,42153629.21,0.00,-27000.00,42264629.23
2084/07,2084,7,0.00,0.00,0.00,0.00,1000.00,0.00,0.00,0.00,0.00,0.00,0.00,42264629.23,0.00,-82877.00,42320115.63
2084/08,2084,8,0.00,0.00,0.00,0.00,1000.00,0.00,0.00,0.00,0.00,0.00,0.00,42320115.63,0.00,-27000.00,42431660.67
2084/09,2084,9,0.00,0.00,0.00,0.00,1000.00,0.00,0.00,0.00,0.00,0.00,0.00,42431660.67,0.00,-27000.00,42543570.89
2084/10,2084,10,0.00,0.00,0.00,0.00,1000.00,0.00,0.00,0.00,0.00,0.00,0.00,42543570.89,0.00,-27000.00,42655847.47
2084/11,2084,11,0.00,0.00,0.00,0.00,1000.00,0.00,0.00,0.00,0.00,0.00,0.00,42655847.47,0.00,-27000.00,42768491.61
2084/12,2084,12,0.00,0.00,0.00,0.00,1000.00,0.00,0.00,0.00,0.00,0.00,0.00,42768491.61,0.00,-82877.00,42825627.52
2085/01,2085,1,0.00,0.00,0.00,0.00,1000.00,0.00,0.00,0.00,0.00,0.00,0.00,42825627.52,0.00,-27000.00,42938827.49
2085/02,2085,2,0.00,0.00,0.00,0.00,2200.00,0.00,0.00,0.00,0.00,0.00,0.00,42938827.49,0.00,-28200.00,43051198.03
2085/03,2085,3,0.00,0.00,0.00,0.00,1000.00,0.00,0.00,0.00,0.00,0.00,0.00,43051198.03,0.00,-27000.00,43165136.45
2085/04,2085,4,0.00,0.00,0.00,0.00,1000.00,0.00,0.00,0.00,0.00,0.00,0.00,43165136.45,0.00,-27000.00,43279447.88
2085/05,2085,5,0.00,0.00,0.00,0.00,1000.00,0.00,0.00,0.00,0.00,0.00,0.00,43279447.88,0.00,-27000.00,43394133.53
2085/06,2085,6,0.00,0.00,0.00,0.00,1000.00,0.00,0.00,0.00,0.00,0.00,0.00,43394133.53,0.00,-27000.00,43509194.63
2085/07,2085,7,0.00,0.00,0.00,0.00,1000.00,0.00,0.00,0.00,0.00,0.00,0.00,43509194.63,0.00,-82877.00,43568755.41
2085/08,2085,8,0.00,0.00,0.00,0.00,1000.00,0.00,0.00,0.00,0.00,0.00,0.00,43568755.41,0.00,-27000.00,43684388.18
2085/09,2085,9,0.00,0.00,0.00,0.00,1000.00,0.00,0.00,0.00,0.00,0.00,0.00,43684388.18,0.00,-27000.00,43800399.50
2085/10,2085,10,0.00,0.00,0.00,0.00,1000.00,0.00,0.00,0.00,0.00,0.00,0.00,43800399.50,0.00,-27000.00,43916790.61
2085/11,2085,11,0.00,0.00,0.00,0.00,1000.00,0.00,0.00,0.00,0.00,0.00,0.00,43916790.61,0.00,-27000.00,44033562.75
2085/12,2085,12,0.00,0.00,0.00,0.00,1000.00,0.00,0.00,0.00,0.00,0.00,0.00,44033562.75,0.00,-82877.00,44094840.18
2086/01,2086,1,0.00,0.00,0.00,0.00,1000.00,0.00,0.00,0.00,0.00,0.00,0.00,44094840.18,0.00,-27000.00,44212195.21
2086/02,2086,2,0.00,0.00,0.00,0.00,2200.00,0.00,0.00,0.00,0.00,0.00,0.00,44212195.21,0.00,-28200.00,44328734.43
2086/03,2086,3,0.00,0.00,0.00,0.00,1000.00,0.00,0.00,0.00,0.00,0.00,0.00,44328734.43,0.00,-27000.00,44446855.17
2086/04,2086,4,0.00,0.00,0.00,0.00,1000.00,0.00,0.00,0.00,0.00,0.00,0.00,44446855.17,0.00,-27000.00,44565362.61
2086/05,2086,5,0.00,0.00,0.00,0.00,1000.00,0.00,0.00,0.00,0.00,0.00,0.00,44565362.61,0.00,-27000.00,44684258.01
2086/06,2086,6,0.00,0.00,0.00,0.00,1000.00,0.00,0.00,0.00,0.00,0.00,0.00,44684258.01,0.00,-27000.00,44803542.65
2086/07,2086,7,0.00,0.00,0.00,0.00,1000.00,0.00,0.00,0.00,0.00,0.00,0.00,44803542.65,0.00,-82877.00,44867340.79
2086/08,2086,8,0.00,0.00,0.00,0.00,1000.00,0.00,0.00,0.00,0.00,0.00,0.00,44867340.79,0.00,-27000.00,44987224.78
2086/09,2086,9,0.00,0.00,0.00,0.00,1000.00,0.00,0.00,0.00,0.00,0.00,0.00,44987224.78,0.00,-27000.00,45107501.25
2086/10,2086,10,0.00,0.00,0.00,0.00,1000.00,0.00,0.00,0.00,0.00,0.00,0.00,45107501.25,0.00,-27000.00,45228171.47
2086/11,2086,11,0.00,0.00,0.00,0.00,1000.00,0.00,0.00,0.00,0.00,0.00,0.00,45228171.47,0.00,-27000.00,45349236.74
2086/12,2086,12,0.00,0.00,0.00,0.00,1000.00,0.00,0.00,0.00,0.00,0.00,0.00,45349236.74,0.00,-82877.00,45414821.34
2087/01,2087,1,0.00,0.00,0.00,0.00,1000.00,0.00,0.00,0.00,0.00,0.00,0.00,45414821.34,0.00,-27000.00,45536497.65
2087/02,2087,2,0.00,0.00,0.00,0.00,2200.00,0.00,0.00,0.00,0.00,0.00,0.00,45536497.65,0.00,-28200.00,45657372.29
2087/03,2087,3,0.00,0.00,0.00,0.00,1000.00,0.00,0.00,0.00,0.00,0.00,0.00,45657372.29,0.00,-27000.00,45779842.65
2087/04,2087,4,0.00,0.00,0.00,0.00,1000.00,0.00,0.00,0.00,0.00,0.00,0.00,45779842.65,0.00,-27000.00,45902713.94
2087/05,2087,5,0.00,0.00,0.00,0.00,1000.00,0.00,0.00,0.00,0.00,0.00,0.00,45902713.94,0.00,-27000.00,46025987.48
2087/06,2087,6,0.00,0.00,0.00,0.00,1000.00,0.00,0.00,0.00,0.00,0.00,0.00,46025987.48,0.00,-27000.00,46149664.58
2087/07,2087,7,0.00,0.00,0.00,0.00,1000.00,0.00,0.00,0.00,0.00,0.00,0.00,46149664.58,0.00,-82877.00,46217869.58
2087/08,2087,8,0.00,0.00,0.00,0.00,1000.00,0.00,0.00,0.00,0.00,0.00,0.00,46217869.58,0.00,-27000.00,46342174.86
2087/09,2087,9,0.00,0.00,0.00,0.00,1000.00,0.00,0.00,0.00,0.00,0.00,0.00,46342174.86,0.00,-27000.00,46466887.08
2087/10,2087,10,0.00,0.00,0.00,0.00,1000.00,0.00,0.00,0.00,0.00,0.00,0.00,46466887.08,0.00,-27000.00,46592007.57
2087/11,2087,11,0.00,0.00,0.00,0.00,1000.00,0.00,0.00,0.00,0.00,0.00,0.00,46592007.57,0.00,-27000.00,46717537.68
2087/12,2087,12,0.00,0.00,0.00,0.00,1000.00,0.00,0.00,0.00,0.00,0.00,0.00,46717537.68,0.00,-82877.00,46787601.74
2088/01,2088,1,0.00,0.00,0.00,0.00,1000.00,0.00,0.00,0.00,0.00,0.00,0.00,46787601.74,0.00,-27000.00,46913772.18
2088/02,2088,2,0.00,0.00,0.00,0.00,2200.00,0.00,0.00,0.00,0.00,0.00,0.00,46913772.18,0.00,-28200.00,47039155.66
2088/03,2088,3,0.00,0.00,0.00,0.00,1000.00,0.00,0.00,0.00,0.00,0.00,0.00,47039155.66,0.00,-27000.00,47166149.61
2088/04,2088,4,0.00,0.00,0.00,0.00,1000.00,0.00,0.00,0.00,0.00,0.00,0.00,47166149.61,0.00,-27000.00,47293559.31
2088/05,2088,5,0.00,0.00,0.00,0.00,1000.00,0.00,0.00,0.00,0.00,0.00,0.00,47293559.31,0.00,-27000.00,47421386.12
2088/06,2088,6,0.00,0.00,0.00,0.00,1000.00,0.00,0.00,0.00,0.00,0.00,0.00,47421386.12,0.00,-27000.00,47549631.40
2088/07,2088,7,0.00,0.00,0.00,0.00,1000.00,0.00,0.00,0.00,0.00,0.00,0.00,47549631.40,0.00,-82877.00,47622419.52
2088/08,2088,8,0.00,0.00,0.00,0.00,1000.00,0.00,0.00,0.00,0.00,0.00,0.00,47622419.52,0.00,-27000.00,47751322.93
2088/09,2088,9,0.00,0.00,0.00,0.00,1000.00,0.00,0.00,0.00,0.00,0.00,0.00,47751322.93,0.00,-27000.00,47880648.33
2088/10,2088,10,0.00,0.00,0.00,0.00,1000.00,0.00,0.00,0.00,0.00,0.00,0.00,47880648.33,0.00,-27000.00,48010397.12
2088/11,2088,11,0.00,0.00,0.00,0.00,1000.00,0.00,0.00,0.00,0.00,0.00,0.00,48010397.12,0.00,-27000.00,48140570.66
2088/12,2088,12,0.00,0.00,0.00,0.00,1000.00,0.00,0.00,0.00,0.00,0.00,0.00,48140570.66,0.00,-82877.00,48215293.37
2089/01,2089,1,0.00,0.00,0.00,0.00,1000.00,0.00,0.00,0.00,0.00,0.00,0.00,48215293.37,0.00,-27000.00,48346137.69
2089/02,2089,2,0.00,0.00,0.00,0.00,2200.00,0.00,0.00,0.00,0.00,0.00,0.00,48346137.69,0.00,-28200.00,48476210.36
2089/03,2089,3,0.00,0.00,0.00,0.00,1000.00,0.00,0.00,0.00,0.00,0.00,0.00,48476210.36,0.00,-27000.00,48607908.86
2089/04,2089,4,0.00,0.00,0.00,0.00,1000.00,0.00,0.00,0.00,0.00,0.00,0.00,48607908.86,0.00,-27000.00,48740038.51
2089/05,2089,5,0.00,0.00,0.00,0.00,1000.00,0.00,0.00,0.00,0.00,0.00,0.00,48740038.51,0.00,-27000.00,48872600.71
2089/06,2089,6,0.00,0.00,0.00,0.00,1000.00,0.00,0.00,0.00,0.00,0.00,0.00,48872600.71,0.00,-27000.00,49005596.89
2089/07,2089,7,0.00,0.00,0.00,0.00,1000.00,0.00,0.00,0.00,0.00,0.00,0.00,49005596.89,0.00,-82877.00,49083151.46
2089/08,2089,8,0.00,0.00,0.00,0.00,1000.00,0.00,0.00,0.00,0.00,0.00,0.00,49083151.46,0.00,-27000.00,49216836.93
2089/09,2089,9,0.00,0.00,0.00,0.00,1000.00,0.00,0.00,0.00,0.00,0.00,0.00,49216836.93,0.00,-27000.00,49350960.04
2089/10,2089,10,0.00,0.00,0.00,0.00,1000.00,0.00,0.00,0.00,0.00,0.00,0.00,49350960.04,0.00,-27000.00,49485522.24
2089/11,2089,11,0.00,0.00,0.00,0.00,1000.00,0.00,0.00,0.00,0.00,0.00,0.00,49485522.24,0.00,-27000.00,49620524.97
2089/12,2089,12,0.00,0.00,0.00,0.00,1000.00,0.00,0.00,0.00,0.00,0.00,0.00,49620524.97,0.00,-82877.00,49700092.65
2090/01,2090,1,0.00,0.00,0.00,0.00,1000.00,0.00,0.00,0.00,0.00,0.00,0.00,49700092.65,0.00,-27000.00,49835797.82
2090/02,2090,2,0.00,0.00,0.00,0.00,2200.00,0.00,0.00,0.00,0.00,0.00,0.00,49835797.82,0.00,-28200.00,49970747.26
2090/03,2090,3,0.00,0.00,0.00,0.00,1000.00,0.00,0.00,0.00,0.00,0.00,0.00,49970747.26,0.00,-27000.00,50107338.48
2090/04,2090,4,0.00,0.00,0.00,0.00,1000.00,0.00,0.00,0.00,0.00,0.00,0.00,50107338.48,0.00,-27000.00,50244376.87
2090/05,2090,5,0.00,0.00,0.00,0.00,1000.00,0.00,0.00,0.00,0.00,0.00,0.00,50244376.87,0.00,-27000.00,50381863.88
2090/06,2090,6,0.00,0.00,0.00,0.00,1000.00,0.00,0.00,0.00,0.00,0.00,0.00,50381863.88,0.00,-27000.00,50519801.00
2090/07,2090,7,0.00,0.00,0.00,0.00,1000.00,0.00,0.00,0.00,0.00,0.00,0.00,50519801.00,0.00,-82877.00,50602312.68
2090/08,2090,8,0.00,0.00,0.00,0.00,1000.00,0.00,0.00,0.00,0.00,0.00,0.00,50602312.68,0.00,-27000.00,50740971.48
2090/09,2090,9,0.00,0.00,0.00,0.00,1000.00,0.00,0.00,0.00,0.00,0.00,0.00,50740971.48,0.00,-27000.00,50880084.22
2090/10,2090,10,0.00,0.00,0.00,0.00,1000.00,0.00,0.00,0.00,0.00,0.00,0.00,50880084.22,0.00,-27000.00,51019652.37
2090/11,2090,11,0.00,0.00,0.00,0.00,1000.00,0.00,0.00,0.00,0.00,0.00,0.00,51019652.37,0.00,-27000.00,51159677.44
2090/12,2090,12,0.00,0.00,0.00,0.00,1000.00,0.00,0.00,0.00,0.00,0.00,0.00,51159677.44,0.00,-82877.00,51244283.91
2091/01,2091,1,0.00,0.00,0.00,0.00,1000.00,0.00,0.00,0.00,0.00,0.00,0.00,51244283.91,0.00,-27000.00,51385044.36
2091/02,2091,2,0.00,0.00,0.00,0.00,2200.00,0.00,0.00,0.00,0.00,0.00,0.00,51385044.36,0.00,-28200.00,51525065.63
2091/03,2091,3,0.00,0.00,0.00,0.00,1000.00,0.00,0.00,0.00,0.00,0.00,0.00,51525065.63,0.00,-27000.00,51666745.28
2091/04,2091,4,0.00,0.00,0.00,0.00,1000.00,0.00,0.00,0.00,0.00,0.00,0.00,51666745.28,0.00,-27000.00,51808888.76
2091/05,2091,5,0.00,0.00,0.00,0.00,1000.00,0.00,0.00,0.00,0.00,0.00,0.00,51808888.76,0.00,-27000.00,51951497.58
2091/06,2091,6,0.00,0.00,0.00,0.00,1000.00,0.00,0.00,0.00,0.00,0.00,0.00,51951497.58,0.00,-27000.00,52094573.27
2091/07,2091,7,0.00,0.00,0.00,0.00,1000.00,0.00,0.00,0.00,0.00,0.00,0.00,52094573.27,0.00,-82877.00,52182240.34
2091/08,2091,8,0.00,0.00,0.00,0.00,1000.00,0.00,0.00,0.00,0.00,0.00,0.00,52182240.34,0.00,-27000.00,52326071.42
2091/09,2091,9,0.00,0.00,0.00,0.00,1000.00,0.00,0.00,0.00,0.00,0.00,0.00,52326071.42,0.00,-27000.00,52470373.36
2091/10,2091,10,0.00,0.00,0.00,0.00,1000.00,0.00,0.00,0.00,0.00,0.00,0.00,52470373.36,0.00,-27000.00,52615147.71
2091/11,2091,11,0.00,0.00,0.00,0.00,1000.00,0.00,0.00,0.00,0.00,0.00,0.00,52615147.71,0.00,-27000.00,52760396.01
2091/12,2091,12,0.00,0.00,0.00,0.00,1000.00,0.00,0.00,0.00,0.00,0.00,0.00,52760396.01,0.00,-82877.00,52850242.82
2092/01,2092,1,0.00,0.00,0.00,0.00,1000.00,0.00,0.00,0.00,0.00,0.00,0.00,52850242.82,0.00,-27000.00,52996260.76
2092/02,2092,2,0.00,0.00,0.00,0.00,2200.00,0.00,0.00,0.00,0.00,0.00,0.00,52996260.76,0.00,-28200.00,53141556.73
2092/03,2092,3,0.00,0.00,0.00,0.00,1000.00,0.00,0.00,0.00,0.00,0.00,0.00,53141556.73,0.00,-27000.00,53288528.36
2092/04,2092,4,0.00,0.00,0.00,0.00,1000.00,0.00,0.00,0.00,0.00,0.00,0.00,53288528.36,0.00,-27000.00,53435981.13
2092/05,2092,5,0.00,0.00,0.00,0.00,1000.00,0.00,0.00,0.00,0.00,0.00,0.00,53435981.13,0.00,-27000.00,53583916.63
2092/06,2092,6,0.00,0.00,0.00,0.00,1000.00,0.00,0.00,0.00,0.00,0.00,0.00,53583916.63,0.00,-27000.00,53732336.43
2092/07,2092,7,0.00,0.00,0.00,0.00,1000.00,0.00,0.00,0.00,0.00,0.00,0.00,53732336.43,0.00,-82877.00,53825365.12
2092/08,2092,8,0.00,0.00,0.00,0.00,1000.00,0.00,0.00,0.00,0.00,0.00,0.00,53825365.12,0.00,-27000.00,53974575.36
2092/09,2092,9,0.00,0.00,0.00,0.00,1000.00,0.00,0.00,0.00,0.00,0.00,0.00,53974575.36,0.00,-27000.00,54124274.07
2092/10,2092,10,0.00,0.00,0.00,0.00,1000.00,0.00,0.00,0.00,0.00,0.00,0.00,54124274.07,0.00,-27000.00,54274462.86
2092/11,2092,11,0.00,0.00,0.00,0.00,1000.00,0.00,0.00,0.00,0.00,0.00,0.00,54274462.86,0.00,-27000.00,54425143.33
2092/12,2092,12,0.00,0.00,0.00,0.00,1000.00,0.00,0.00,0.00,0.00,0.00,0.00,54425143.33,0.00,-82877.00,54520440.09
2093/01,2093,1,0.00,0.00,0.00,0.00,1000.00,0.00,0.00,0.00,0.00,0.00,0.00,54520440.09,0.00,-27000.00,54671925.82
2093/02,2093,2,0.00,0.00,0.00,0.00,2200.00,0.00,0.00,0.00,0.00,0.00,0.00,54671925.82,0.00,-28200.00,54822707.48
2093/03,2093,3,0.00,0.00,0.00,0.00,1000.00,0.00,0.00,0.00,0.00,0.00,0.00,54822707.48,0.00,-27000.00,54975182.76
2093/04,2093,4,0.00,0.00,0.00,0.00,1000.00,0.00,0.00,0.00,0.00,0.00,0.00,54975182.76,0.00,-27000.00,55128157.20
2093/05,2093,5,0.00,0.00,0.00,0.00,1000.00,0.00,0.00,0.00,0.00,0.00,0.00,55128157.20,0.00,-27000.00,55281632.44
2093/06,2093,6,0.00,0.00,0.00,0.00,1000.00,0.00,0.00,0.00,0.00,0.00,0.00,55281632.44,0.00,-27000.00,55435610.12
2093/07,2093,7,0.00,0.00,0.00,0.00,1000.00,0.00,0.00,0.00,0.00,0.00,0.00,55435610.12,0.00,-82877.00,55534214.88
2093/08,2093,8,0.00,0.00,0.00,0.00,1000.00,0.00,0.00,0.00,0.00,0.00,0.00,55534214.88,0.00,-27000.00,55689019.45
2093/09,2093,9,0.00,0.00,0.00,0.00,1000.00,0.00,0.00,0.00,0.00,0.00,0.00,55689019.45,0.00,-27000.00,55844330.81
2093/10,2093,10,0.00,0.00,0.00,0.00,1000.00,0.00,0.00,0.00,0.00,0.00,0.00,55844330.81,0.00,-27000.00,56000150.62
2093/11,2093,11,0.00,0.00,0.00,0.00,1000.00,0.00,0.00,0.00,0.00,0.00,0.00,56000150.62,0.00,-27000.00,56156480.54
2093/12,2093,12,0.00,0.00,0.00,0.00,1000.00,0.00,0.00,0.00,0.00,0.00,0.00,56156480.54,0.00,-82877.00,56257445.24
2094/01,2094,1,0.00,0.00,0.00,0.00,1000.00,0.00,0.00,0.00,0.00,0.00,0.00,56257445.24,0.00,-27000.00,56414617.48
2094/02,2094,2,0.00,0.00,0.00,0.00,2200.00,0.00,0.00,0.00,0.00,0.00,0.00,56414617.48,0.00,-28200.00,56571104.26
2094/03,2094,3,0.00,0.00,0.00,0.00,1000.00,0.00,0.00,0.00,0.00,0.00,0.00,56571104.26,0.00,-27000.00,56729303.33
2094/04,2094,4,0.00,0.00,0.00,0.00,1000.00,0.00,0.00,0.00,0.00,0.00,0.00,56729303.33,0.00,-27000.00,56888020.31
2094/05,2094,5,0.00,0.00,0.00,0.00,1000.00,0.00,0.00,0.00,0.00,0.00,0.00,56888020.31,0.00,-27000.00,57047256.88
2094/06,2094,6,0.00,0.00,0.00,0.00,1000.00,0.00,0.00,0.00,0.00,0.00,0.00,57047256.88,0.00,-27000.00,57207014.76
2094/07,2094,7,0.00,0.00,0.00,0.00,1000.00,0.00,0.00,0.00,0.00,0.00,0.00,57207014.76,0.00,-82877.00,57311418.64
2094/08,2094,8,0.00,0.00,0.00,0.00,1000.00,0.00,0.00,0.00,0.00,0.00,0.00,57311418.64,0.00,-27000.00,57472041.31
2094/09,2094,9,0.00,0.00,0.00,0.00,1000.00,0.00,0.00,0.00,0.00,0.00,0.00,57472041.31,0.00,-27000.00,57633189.82
2094/10,2094,10,0.00,0.00,0.00,0.00,1000.00,0.00,0.00,0.00,0.00,0.00,0.00,57633189.82,0.00,-27000.00,57794865.88
2094/11,2094,11,0.00,0.00,0.00,0.00,1000.00,0.00,0.00,0.00,0.00,0.00,0.00,57794865.88,0.00,-27000.00,57957071.23
2094/12,2094,12,0.00,0.00,0.00,0.00,1000.00,0.00,0.00,0.00,0.00,0.00,0.00,57957071.23,0.00,-82877.00,58063930.60
2095/01,2095,1,0.00,0.00,0.00,0.00,1000.00,0.00,0.00,0.00,0.00,0.00,0.00,58063930.60,0.00,-27000.00,58227016.80
2095/02,2095,2,0.00,0.00,0.00,0.00,2200.00,0.00,0.00,0.00,0.00,0.00,0.00,58227016.80,0.00,-28200.00,58389436.90
2095/03,2095,3,0.00,0.00,0.00,0.00,1000.00,0.00,0.00,0.00,0.00,0.00,0.00,58389436.90,0.00,-27000.00,58553588.73
2095/04,2095,4,0.00,0.00,0.00,0.00,1000.00,0.00,0.00,0.00,0.00,0.00,0.00,58553588.73,0.00,-27000.00,58718277.94
2095/05,2095,5,0.00,0.00,0.00,0.00,1000.00,0.00,0.00,0.00,0.00,0.00,0.00,58718277.94,0.00,-27000.00,58883506.30
2095/06,2095,6,0.00,0.00,0.00,0.00,1000.00,0.00,0.00,0.00,0.00,0.00,0.00,58883506.30,0.00,-27000.00,59049275.58
2095/07,2095,7,0.00,0.00,0.00,0.00,1000.00,0.00,0.00,0.00,0.00,0.00,0.00,59049275.58,0.00,-82877.00,59159710.54
2095/08,2095,8,0.00,0.00,0.00,0.00,1000.00,0.00,0.00,0.00,0.00,0.00,0.00,59159710.54,0.00,-27000.00,59326384.04
2095/09,2095,9,0.00,0.00,0.00,0.00,1000.00,0.00,0.00,0.00,0.00,0.00,0.00,59326384.04,0.00,-27000.00,59493603.18
2095/10,2095,10,0.00,0.00,0.00,0.00,1000.00,0.00,0.00,0.00,0.00,0.00,0.00,59493603.18,0.00,-27000.00,59661369.76
2095/11,2095,11,0.00,0.00,0.00,0.00,1000.00,0.00,0.00,0.00,0.00,0.00,0.00,59661369.76,0.00,-27000.00,59829685.56
2095/12,2095,12,0.00,0.00,0.00,0.00,1000.00,0.00,0.00,0.00,0.00,0.00,0.00,59829685.56,0.00,-82877.00,59942675.38
